partsid,totalcfp,cfp
P00003,16197.768,8.95
P00009,5389.259,2.683
P00010,5419.415,5.55
P00015,1761.088,6.346
P00018,1777.673,1.668
P00023,1863.655,1.179
P00025,1718.131,8.072
P00029,1835.330,1.535
P00032,1922.850,1.465
P00040,1935.963,8.146
P00042,577.683,6.466
P00046,599.771,9.65
P00047,599.434,1.228
P00048,566.681,4.414
P00050,626.574,4.007
P00056,570.095,4.316
P00057,643.420,4.328
P00059,610.174,4.722
P00061,621.743,4.188
P00066,643.327,3.09
P00067,590.756,2.966
P00075,590.580,2.222
P00077,601.396,0.712
P00078,640.755,9.001
P00082,603.183,5.696
P00083,578.662,0.506
P00085,560.331,2.652
P00086,616.063,5.015
P00091,599.919,9.931
P00097,666.768,2.694
P00103,618.861,8.581
P00106,617.821,1.321
P00109,660.692,5.992
P00111,593.117,0.081
P00112,676.963,9.794
P00119,618.032,2.133
P00127,184.476,3.576
P00130,189.472,9.366
P00131,193.024,9.877
P00136,188.327,0.384
P00138,176.210,4.567
P00140,181.301,0.389
P00142,193.117,2.333
P00143,169.473,9.452
P00145,193.553,1.59
P00146,194.263,9.168
P00148,223.333,6.803
P00158,191.791,7.66
P00161,174.124,8.258
P00175,197.135,7.26
P00177,189.584,6.783
P00188,184.442,6.166
P00189,161.792,3.118
P00195,228.447,6.776
P00199,222.703,4.795
P00200,208.651,8.625
P00201,192.867,3.391
P00205,227.532,6.271
P00206,192.600,0.395
P00210,222.357,6.559
P00211,209.100,8.665
P00213,161.857,2.813
P00220,216.445,5.242
P00221,180.504,3.047
P00222,186.170,4.208
P00223,200.373,0.011
P00224,191.786,5.808
P00227,168.713,1.746
P00230,202.298,7.73
P00232,193.736,4.219
P00233,212.251,9.088
P00243,205.957,5.529
P00245,168.009,0.774
P00248,194.279,3.661
P00249,179.629,4.528
P00251,177.638,3.969
P00252,212.452,3.038
P00257,186.464,7.291
P00258,223.479,2.554
P00259,201.105,5.712
P00262,233.764,2.896
P00266,209.713,9.38
P00269,215.879,2.201
P00275,182.373,0.207
P00277,213.705,6.814
P00279,203.127,5.362
P00287,240.241,4.008
P00290,222.324,7.993
P00291,226.998,5.227
P00296,211.242,7.463
P00299,197.252,3.649
P00301,246.530,3.311
P00304,175.424,1.818
P00308,237.846,8.504
P00315,177.179,7.199
P00322,224.538,0.267
P00324,215.819,9.463
P00330,166.593,2.253
P00334,195.529,0.929
P00340,189.783,0.094
P00345,190.848,5.443
P00349,195.321,4.388
P00350,199.424,8.597
P00352,186.097,1.29
P00357,199.689,7.445
P00359,266.316,5.493
P00361,187.090,4.892
P00362,208.391,5.854
P00366,201.163,8.95
P00370,167.447,2.666
P00371,89.614,9.733
P00373,69.624,6.622
P00378,62.989,7.99
P00379,50.068,6.162
P00381,63.015,3.934
P00382,66.865,5.118
P00385,70.230,9.422
P00390,52.825,1.0
P00395,60.003,4.715
P00396,59.913,2.734
P00398,65.705,5.691
P00399,73.465,6.182
P00401,65.295,6.197
P00404,39.584,2.961
P00406,58.871,5.812
P00409,71.325,2.617
P00416,86.132,9.124
P00417,50.045,2.39
P00418,65.142,0.016
P00423,65.573,1.758
P00425,76.023,5.817
P00426,55.606,8.006
P00467,73.560,9.17
P00468,72.002,2.064
P00470,79.310,8.143
P00471,45.944,9.645
P00472,60.543,6.408
P00475,55.306,1.152
P00478,69.330,5.135
P00479,63.309,9.619
P00485,52.951,8.367
P00486,63.776,1.876
P00487,60.144,0.056
P00490,62.141,4.508
P00492,71.860,2.288
P00495,51.823,2.021
P00496,67.963,1.006
P00498,72.732,8.978
P00502,63.920,7.057
P00511,64.680,8.382
P00519,58.397,6.406
P00525,71.748,0.17
P00527,59.431,5.484
P00528,74.234,1.436
P00538,58.552,3.038
P00541,65.704,5.115
P00542,50.258,1.539
P00546,55.945,2.498
P00551,82.278,2.408
P00557,68.305,5.029
P00563,51.692,7.623
P00564,72.258,9.759
P00569,79.443,8.96
P00578,60.401,2.255
P00579,76.796,6.632
P00582,52.926,9.128
P00585,82.743,3.592
P00586,74.517,7.916
P00587,66.087,2.68
P00602,70.091,2.57
P00609,59.764,0.045
P00618,53.620,5.829
P00621,90.185,9.675
P00623,49.554,1.773
P00627,72.609,9.294
P00629,67.261,0.651
P00630,72.290,6.857
P00631,76.247,2.173
P00632,68.044,2.955
P00634,64.837,1.07
P00656,73.217,6.178
P00657,84.604,9.207
P00661,78.600,5.632
P00662,67.938,2.415
P00670,76.011,8.384
P00675,57.914,9.562
P00685,66.888,4.548
P00686,40.853,4.892
P00687,72.599,5.992
P00691,81.666,3.888
P00706,66.360,8.059
P00711,54.786,4.11
P00716,57.427,6.081
P00717,58.327,2.801
P00721,66.643,1.931
P00725,74.845,2.843
P00726,73.511,9.722
P00730,67.319,1.928
P00732,51.133,8.385
P00733,58.303,9.041
P00738,65.569,8.922
P00739,78.346,5.535
P00741,58.866,9.877
P00744,50.874,6.508
P00750,70.397,7.781
P00751,69.611,1.519
P00754,63.977,4.628
P00757,71.743,9.52
P00758,70.947,2.226
P00759,75.448,7.392
P00760,60.575,3.321
P00767,67.768,6.194
P00772,59.090,1.947
P00775,74.642,2.937
P00777,71.755,3.696
P00780,66.444,9.571
P00782,50.078,9.902
P00784,53.112,4.207
P00785,82.834,3.62
P00791,74.825,8.437
P00792,69.517,2.67
P00798,63.531,8.194
P00799,71.754,6.742
P00801,63.196,8.422
P00804,50.726,2.232
P00809,60.218,1.226
P00815,67.500,7.902
P00816,52.059,0.452
P00819,74.120,5.904
P00820,85.222,3.254
P00821,64.085,1.763
P00826,50.303,2.148
P00827,68.367,8.231
P00833,69.160,9.604
P00834,58.467,7.383
P00835,67.814,0.367
P00841,62.112,4.002
P00844,53.485,0.355
P00845,59.459,5.579
P00846,68.315,6.709
P00849,57.367,7.411
P00850,80.697,3.156
P00858,60.070,4.615
P00860,81.349,5.327
P00864,70.465,6.291
P00866,71.384,8.297
P00873,80.459,8.52
P00877,54.265,9.907
P00878,63.469,0.642
P00884,61.827,9.95
P00885,64.275,5.444
P00886,57.335,6.718
P00887,59.779,2.439
P00888,67.552,8.833
P00890,61.265,2.387
P00891,66.796,3.027
P00899,60.463,1.142
P00901,55.222,7.597
P00904,80.136,3.544
P00905,63.586,6.157
P00909,70.741,0.291
P00914,66.588,6.699
P00925,69.090,8.794
P00934,65.048,3.5
P00935,67.014,1.935
P00967,67.906,2.547
P00972,77.984,5.405
P00980,75.887,6.358
P00997,63.567,6.817
P00998,65.024,9.005
P01000,76.584,2.411
P01001,59.113,0.78
P01002,65.039,4.807
P01005,77.597,6.829
P01016,71.821,6.87
P01018,66.595,6.51
P01023,75.833,9.372
P01025,57.858,9.381
P01039,89.579,3.86
P01041,60.412,3.307
P01042,77.978,6.383
P01043,60.022,8.383
P01048,72.499,6.716
P01053,77.253,0.474
P01054,64.113,6.421
P01055,53.684,6.402
P01058,61.334,5.472
P01063,57.452,2.266
P01070,77.574,9.501
P01076,67.920,6.849
P01078,92.079,3.051
P01082,61.000,8.82
P01087,77.512,4.539
P01089,80.957,2.341
P01093,44.165,3.57
P01102,77.115,6.673
P01104,74.161,8.586
P01107,55.998,6.1
P01110,58.655,4.311
P01113,33.370,8.039
P01114,27.473,6.501
P01118,11.432,5.059
P01119,27.444,0.742
P01125,18.938,4.853
P01128,24.113,9.623
P01129,20.146,3.565
P01130,14.043,2.621
P01135,19.922,8.709
P01140,19.043,0.952
P01142,15.560,5.658
P01144,25.590,9.166
P01145,27.510,3.905
P01147,22.088,4.628
P01148,15.228,5.152
P01154,22.593,0.795
P01157,20.479,2.18
P01175,15.499,7.061
P01176,20.752,5.92
P01179,20.050,1.491
P01184,22.304,1.06
P01186,12.862,1.041
P01198,25.271,6.534
P01202,16.807,6.802
P01203,25.586,9.021
P01204,16.705,6.621
P01205,19.139,3.806
P01210,14.834,1.901
P01214,27.405,3.826
P01216,27.629,9.157
P01217,22.213,5.362
P01219,19.759,6.79
P01221,16.065,2.637
P01224,11.652,0.739
P01227,25.446,0.386
P01228,14.604,4.963
P01229,23.857,3.97
P01238,14.337,5.209
P01242,20.678,0.81
P01256,18.979,0.389
P01259,26.768,7.415
P01260,18.016,1.727
P01262,25.468,6.472
P01263,25.658,8.184
P01267,21.083,6.395
P01276,25.485,8.124
P01277,16.936,4.501
P01281,16.904,5.174
P01288,18.999,6.301
P01296,16.374,0.818
P01297,21.282,6.854
P01300,21.688,6.762
P01303,25.643,5.213
P01304,15.041,6.71
P01307,21.038,7.079
P01313,27.498,7.707
P01316,10.907,0.139
P01318,9.009,0.65
P01319,22.132,7.782
P01321,24.627,6.201
P01331,21.548,5.666
P01334,20.410,2.076
P01336,30.237,5.519
P01344,12.984,3.851
P01347,24.703,8.054
P01351,16.092,4.366
P01358,27.461,5.432
P01360,15.837,5.38
P01361,23.666,4.08
P01363,22.034,6.404
P01369,18.461,1.686
P01371,23.238,7.485
P01373,22.038,1.963
P01376,17.794,3.946
P01378,5.547,2.112
P01392,25.306,6.375
P01394,10.688,1.557
P01395,23.665,5.481
P01405,24.400,9.239
P01408,13.667,0.305
P01411,27.167,8.806
P01412,14.437,5.267
P01422,16.404,3.18
P01423,28.304,3.6
P01424,22.718,6.14
P01430,21.341,8.965
P01439,20.287,9.124
P01444,23.819,6.06
P01446,26.956,7.908
P01457,24.975,4.722
P01461,12.720,2.086
P01464,8.232,4.055
P01465,27.184,9.102
P01467,27.588,4.917
P01468,22.010,6.746
P01470,19.025,1.301
P01471,18.357,1.695
P01477,18.753,8.149
P01514,7.098,1.202
P01518,25.237,3.23
P01520,11.639,0.606
P01530,12.539,2.32
P01535,27.526,7.725
P01542,26.342,9.194
P01543,16.028,2.096
P01557,17.923,8.009
P01559,16.105,7.562
P01565,26.528,5.884
P01566,22.270,1.951
P01567,19.236,5.871
P01569,27.212,9.672
P01570,25.403,9.758
P01572,19.209,4.083
P01574,26.966,9.253
P01575,15.391,3.201
P01579,17.791,2.146
P01585,28.518,6.435
P01591,12.794,3.854
P01597,17.092,0.473
P01599,23.352,8.369
P01612,9.140,1.9
P01616,25.648,2.969
P01620,30.900,9.349
P01624,28.868,7.271
P01637,27.243,9.594
P01642,17.617,2.94
P01644,18.470,0.656
P01653,29.487,8.316
P01654,21.891,3.72
P01657,24.851,4.236
P01660,16.116,2.993
P01663,17.532,7.17
P01666,14.259,3.331
P01669,17.568,1.462
P01674,23.445,5.799
P01681,12.455,7.493
P01685,29.765,7.702
P01686,13.772,2.661
P01688,16.977,4.91
P01690,14.350,2.492
P01695,13.446,3.6
P01697,16.937,1.638
P01699,16.656,3.629
P01701,12.105,1.463
P01705,12.398,2.02
P01714,22.795,4.973
P01716,23.109,8.585
P01717,13.200,2.314
P01721,15.884,7.247
P01722,14.895,5.446
P01723,17.476,1.786
P01724,15.661,0.18
P01731,18.024,1.955
P01733,20.939,9.917
P01739,35.868,9.537
P01749,21.174,9.255
P01750,14.939,4.91
P01760,13.332,0.266
P01761,34.520,9.331
P01762,15.555,2.087
P01765,19.887,8.081
P01771,18.389,0.431
P01773,24.150,7.837
P01778,28.995,9.764
P01786,18.423,7.279
P01787,24.601,4.478
P01789,17.614,5.115
P01796,21.141,8.543
P01799,26.407,2.163
P01806,19.718,3.448
P01807,29.414,6.749
P01809,29.430,9.214
P01811,12.588,3.104
P01813,14.492,3.022
P01817,18.025,0.655
P01823,26.420,1.921
P01824,23.866,6.521
P01825,17.032,8.122
P01826,10.898,0.732
P01831,9.823,3.971
P01832,16.217,0.402
P01838,16.475,4.65
P01839,14.164,7.665
P01843,26.111,8.9
P01847,26.981,6.354
P01848,23.738,5.363
P01853,10.822,1.455
P01855,15.139,8.754
P01857,16.446,3.156
P01860,18.374,4.014
P01861,23.692,4.376
P01863,30.289,9.034
P01870,12.837,3.872
P01874,22.346,0.362
P01880,26.236,7.88
P01883,20.918,2.444
P01885,21.563,8.233
P01889,17.821,2.453
P01890,27.554,7.818
P01891,20.058,5.833
P01893,22.881,4.734
P01894,25.372,3.758
P01895,21.344,7.438
P01913,21.228,1.421
P01915,9.444,2.416
P01917,18.322,8.932
P01919,17.591,8.12
P01922,10.174,0.955
P01923,20.117,5.461
P01926,22.561,2.69
P01929,29.423,6.07
P01931,19.089,4.685
P01939,10.799,5.615
P01943,16.556,8.591
P01944,21.723,7.946
P01946,17.672,3.505
P01947,13.699,2.27
P01948,14.587,0.101
P01951,17.327,2.239
P01952,16.518,4.645
P01954,23.467,2.338
P01958,18.682,3.176
P01959,23.794,3.533
P01972,24.605,4.56
P01977,21.998,5.345
P01986,30.612,9.395
P01987,14.059,0.949
P01988,22.034,7.822
P01990,19.407,1.383
P01992,15.520,3.656
P02047,5.335,0.961
P02048,29.597,9.256
P02050,22.417,7.775
P02051,17.927,9.147
P02054,12.631,2.96
P02055,29.879,3.717
P02058,13.460,0.569
P02059,9.872,0.192
P02063,17.660,0.086
P02067,23.581,8.406
P02068,18.960,7.355
P02072,27.832,2.623
P02076,22.742,8.836
P02077,17.002,8.583
P02082,27.236,8.804
P02087,15.865,1.453
P02092,19.771,4.783
P02100,16.709,1.573
P02105,21.569,6.979
P02112,29.998,6.617
P02114,20.810,5.451
P02117,11.024,0.377
P02122,11.231,0.001
P02126,15.634,0.868
P02135,23.489,7.466
P02137,17.831,4.672
P02142,27.511,8.437
P02149,13.787,0.6
P02151,17.920,3.258
P02155,19.637,8.302
P02161,21.905,9.33
P02162,17.308,3.339
P02163,29.623,7.524
P02164,17.781,6.351
P02166,27.455,7.215
P02168,22.408,2.779
P02170,24.611,2.418
P02173,6.225,0.984
P02177,21.788,8.953
P02179,25.504,3.622
P02186,21.615,3.515
P02190,13.657,2.743
P02191,25.084,6.948
P02192,22.970,8.863
P02194,15.070,0.541
P02198,23.655,6.537
P02200,16.051,2.54
P02204,9.460,2.121
P02208,17.403,8.829
P02212,22.693,7.887
P02216,22.811,3.072
P02217,26.848,1.801
P02219,23.721,6.485
P02223,15.665,1.089
P02228,17.513,4.444
P02232,11.763,0.072
P02235,33.123,7.048
P02236,10.596,2.656
P02240,23.543,5.898
P02244,9.297,0.763
P02249,22.868,7.699
P02250,15.534,4.732
P02256,17.080,4.39
P02260,17.193,3.834
P02268,22.862,1.832
P02269,28.430,9.737
P02270,26.893,3.387
P02271,18.813,4.632
P02272,16.517,1.46
P02273,16.502,9.013
P02284,17.416,9.682
P02285,14.841,4.722
P02290,27.557,5.079
P02293,18.375,8.561
P02298,28.854,8.233
P02302,19.360,8.103
P02305,15.017,7.197
P02310,27.012,8.433
P02311,20.885,2.345
P02312,14.587,1.717
P02317,21.108,9.478
P02323,16.403,7.868
P02328,20.620,9.175
P02333,5.474,2.796
P02334,20.013,2.715
P02346,20.820,5.093
P02348,22.980,2.422
P02350,16.922,6.605
P02360,30.196,3.822
P02370,25.556,1.625
P02374,17.243,9.245
P02381,18.334,4.478
P02382,15.373,0.919
P02384,18.113,5.171
P02385,13.936,1.937
P02386,19.529,7.2
P02390,13.750,4.773
P02395,10.103,2.51
P02397,22.871,4.526
P02398,25.824,8.283
P02400,15.269,2.939
P02402,18.227,0.271
P02407,20.688,4.144
P02410,15.115,7.824
P02415,25.776,7.814
P02416,24.267,6.452
P02418,19.407,8.541
P02419,18.922,3.106
P02421,16.059,2.445
P02425,31.223,6.562
P02428,25.920,7.852
P02430,21.743,3.212
P02431,25.573,8.144
P02433,10.352,6.331
P02438,23.138,2.61
P02446,14.899,2.151
P02452,24.142,4.116
P02453,9.710,0.902
P02456,20.747,7.53
P02457,29.192,9.051
P02461,27.518,5.691
P02462,20.073,0.689
P02469,13.080,7.741
P02472,18.087,7.383
P02474,11.752,2.513
P02484,18.486,9.873
P02488,21.322,7.38
P02491,24.938,1.259
P02493,4.218,2.333
P02497,14.670,3.37
P02499,19.735,2.106
P02555,21.342,5.6
P02558,18.893,9.406
P02559,21.747,2.38
P02560,16.347,2.016
P02562,19.507,5.358
P02575,23.032,7.295
P02578,17.383,1.937
P02579,24.837,6.467
P02580,23.513,9.632
P02583,9.613,0.564
P02589,23.581,6.892
P02590,14.583,3.455
P02591,23.213,3.348
P02606,30.800,7.953
P02612,28.373,8.631
P02615,23.235,5.398
P02618,20.163,2.35
P02622,20.389,0.619
P02624,21.487,0.484
P02625,20.698,7.7
P02626,24.124,9.801
P02633,16.893,4.351
P02639,10.230,6.831
P02640,33.896,9.876
P02641,15.175,1.424
P02644,11.363,3.207
P02648,28.920,9.61
P02653,18.982,8.723
P02656,17.824,4.475
P02657,17.872,7.634
P02658,17.602,6.757
P02660,18.739,3.547
P02669,20.426,4.142
P02675,16.662,2.684
P02681,16.801,1.539
P02683,17.995,2.284
P02685,27.326,8.935
P02688,23.359,8.093
P02690,23.138,5.023
P02694,18.144,3.617
P02702,22.098,2.011
P02706,26.565,5.249
P02707,25.927,9.885
P02708,18.242,5.53
P02713,25.677,6.253
P02719,22.545,9.037
P02723,11.323,5.127
P02724,13.490,5.325
P02728,14.881,5.055
P02732,11.713,2.018
P02734,10.483,6.733
P02736,20.257,6.602
P02741,25.749,6.903
P02746,24.853,9.766
P02748,23.281,8.671
P02756,20.322,4.528
P02757,24.372,1.71
P02760,17.320,0.863
P02761,17.663,3.459
P02762,15.929,6.881
P02763,20.611,0.037
P02767,15.390,3.653
P02768,22.953,9.14
P02770,24.768,2.14
P02771,26.381,8.397
P02777,14.715,0.03
P02783,11.249,0.179
P02784,25.680,6.261
P02786,26.451,8.917
P02790,14.120,4.296
P02793,33.285,9.537
P02804,22.306,0.241
P02814,17.370,0.965
P02815,18.655,2.706
P02824,25.035,3.331
P02825,23.464,3.075
P02829,29.012,5.301
P02830,22.639,8.547
P02831,12.037,3.087
P02833,14.920,4.51
P02838,19.019,2.926
P02845,20.503,5.94
P02846,17.397,4.266
P02848,22.705,4.594
P02850,14.709,9.196
P02852,22.903,6.147
P02853,14.580,2.055
P02856,17.850,8.436
P02863,22.500,9.66
P02867,18.583,6.235
P02868,23.179,9.28
P02871,19.813,1.857
P02878,7.982,5.029
P02885,10.444,4.339
P02889,18.648,0.957
P02890,14.661,4.088
P02891,21.424,6.359
P02895,19.390,6.841
P02896,21.974,8.403
P02902,22.382,4.706
P02906,25.801,8.783
P02909,15.073,2.237
P02914,15.156,2.772
P02925,7.583,0.402
P02930,26.220,5.107
P02931,13.723,9.069
P02937,18.165,8.122
P02944,22.291,5.29
P02950,26.619,8.48
P02957,25.484,6.13
P02958,19.535,8.655
P02959,22.164,3.999
P02961,26.994,5.772
P02967,21.720,1.844
P02976,25.260,0.279
P02985,11.813,2.021
P02986,11.662,0.986
P02988,23.477,2.105
P02993,20.841,6.292
P02995,18.798,8.972
P02996,15.703,8.669
P03000,24.323,6.938
P03001,22.718,9.24
P03002,15.946,2.287
P03009,16.147,1.091
P03010,19.750,8.942
P03012,12.347,6.555
P03016,32.274,8.859
P03017,29.056,9.828
P03018,12.746,4.102
P03024,23.330,9.139
P03027,18.998,1.887
P03336,7.593,7.593
P03338,8.825,8.825
P03340,6.958,6.958
P03341,5.303,5.303
P03345,0.895,0.895
P03351,4.3,4.3
P03353,2.941,2.941
P03360,4.549,4.549
P03361,5.268,5.268
P03363,3.195,3.195
P03365,7.898,7.898
P03370,9.556,9.556
P03373,3.584,3.584
P03376,5.25,5.25
P03377,0.239,0.239
P03378,9.297,9.297
P03379,0.585,0.585
P03380,7.727,7.727
P03381,9.516,9.516
P03382,8.172,8.172
P03383,8.762,8.762
P03385,2.871,2.871
P03388,5.763,5.763
P03390,0.93,0.93
P03392,7.341,7.341
P03395,0.5,0.5
P03397,7.57,7.57
P03402,8.617,8.617
P03412,2.115,2.115
P03413,4.159,4.159
P03414,0.038,0.038
P03419,9.306,9.306
P03420,4.049,4.049
P03421,4.736,4.736
P03424,0.067,0.067
P03428,2.538,2.538
P03430,5.017,5.017
P03431,3.394,3.394
P03432,8.28,8.28
P03440,5.425,5.425
P03451,9.755,9.755
P03453,2.914,2.914
P03461,7.574,7.574
P03463,7.752,7.752
P03466,4.44,4.44
P03468,4.649,4.649
P03471,6.922,6.922
P03472,6.581,6.581
P03476,1.19,1.19
P03481,0.888,0.888
P03482,5.805,5.805
P03483,3.317,3.317
P03486,7.448,7.448
P03488,1.354,1.354
P03495,6.35,6.35
P03498,7.092,7.092
P03504,8.909,8.909
P03505,0.471,0.471
P03511,6.089,6.089
P03512,5.334,5.334
P03517,7.065,7.065
P03520,8.212,8.212
P03066,11.863,4.552
P03067,13.652,5.109
P03075,17.422,4.905
P03076,10.632,1.074
P03077,18.082,3.102
P03078,30.048,9.833
P03084,18.611,8.684
P03087,22.259,7.155
P03091,31.913,9.107
P03095,20.894,0.408
P03097,19.907,9.814
P03101,27.998,8.005
P03103,14.294,5.751
P03104,14.194,5.188
P03105,17.833,2.751
P03109,25.676,7.493
P03114,12.283,0.452
P03115,31.226,5.118
P03119,11.305,0.738
P03120,22.564,9.875
P03121,27.191,4.352
P03125,21.172,7.713
P03126,33.079,8.573
P03128,17.552,1.992
P03133,20.979,1.392
P03137,21.834,4.932
P03149,16.856,4.413
P03150,18.296,3.655
P03153,23.083,6.422
P03161,16.121,6.494
P03162,13.742,1.568
P03163,27.829,5.185
P03165,8.157,2.696
P03167,5.847,1.624
P03170,20.740,3.656
P03173,23.755,6.758
P03174,11.190,7.176
P03178,16.705,0.786
P03183,16.753,0.583
P03191,29.130,9.848
P03193,18.167,9.692
P03200,22.497,9.95
P03202,26.251,8.769
P03203,22.492,1.89
P03208,18.946,1.528
P03210,33.064,8.515
P03215,23.605,5.389
P03216,15.419,0.596
P03217,18.639,5.116
P03218,19.269,2.666
P03219,26.442,7.068
P03222,29.303,8.983
P03224,22.122,9.287
P03227,18.928,8.615
P03228,24.024,9.675
P03229,18.119,2.554
P03233,31.178,9.604
P03239,26.399,9.452
P03245,22.295,7.791
P03249,14.811,0.272
P03251,25.596,4.558
P03256,28.045,4.936
P03261,19.907,1.276
P03266,23.991,2.224
P03267,22.515,5.895
P03272,22.663,9.869
P03276,28.752,4.343
P03278,9.937,4.766
P03279,8.698,1.54
P03282,13.402,4.084
P03283,11.491,5.103
P03286,15.576,6.028
P03288,27.136,8.517
P03289,14.894,8.146
P03297,10.754,0.64
P03301,13.850,3.629
P03303,16.426,1.831
P03306,30.952,8.631
P03307,13.864,1.194
P03314,26.146,1.927
P03315,15.380,8.035
P03318,30.271,5.667
P03324,12.801,2.54
P03325,14.781,2.939
P03331,25.295,8.9
P03333,28.586,4.118
P03521,3.972,3.972
P03523,0.242,0.242
P03532,4.45,4.45
P03534,6.441,6.441
P03535,9.433,9.433
P03536,7.341,7.341
P03538,9.629,9.629
P03539,7.62,7.62
P03541,2.298,2.298
P03544,0.418,0.418
P03545,4.093,4.093
P03547,9.666,9.666
P03549,1.307,1.307
P03553,6.709,6.709
P03554,7.785,7.785
P03557,9.36,9.36
P03559,1.496,1.496
P03560,7.602,7.602
P03564,3.544,3.544
P03569,1.883,1.883
P03571,5.031,5.031
P03580,9.634,9.634
P03581,2.785,2.785
P03589,2.249,2.249
P03590,9.801,9.801
P03592,8.311,8.311
P03599,6.72,6.72
P03602,3.31,3.31
P03609,8.304,8.304
P03610,7.861,7.861
P03611,3.291,3.291
P03612,2.014,2.014
P03614,6.412,6.412
P03618,6.152,6.152
P03619,3.384,3.384
P03621,7.982,7.982
P03626,7.601,7.601
P03630,7.198,7.198
P03631,1.381,1.381
P03632,3.591,3.591
P03636,2.552,2.552
P03637,2.052,2.052
P03639,2.238,2.238
P03641,6.17,6.17
P03644,5.611,5.611
P03646,9.685,9.685
P03653,0.56,0.56
P03654,1.451,1.451
P03657,6.888,6.888
P03661,0.227,0.227
P03662,1.136,1.136
P03665,9.125,9.125
P03666,6.046,6.046
P03671,2.857,2.857
P03673,5.976,5.976
P03675,6.893,6.893
P03681,9.862,9.862
P03682,5.764,5.764
P03683,2.591,2.591
P03687,6.892,6.892
P03690,7.9,7.9
P03692,4.318,4.318
P03693,9.436,9.436
P03695,2.985,2.985
P03697,4.532,4.532
P03698,4.587,4.587
P03705,4.826,4.826
P03707,1.334,1.334
P03708,2.121,2.121
P03711,9.005,9.005
P03712,9.421,9.421
P03713,1.225,1.225
P03715,0.671,0.671
P03720,4.524,4.524
P03723,7.303,7.303
P03724,4.161,4.161
P03725,4.031,4.031
P03727,8.156,8.156
P03731,9.685,9.685
P03734,5.955,5.955
P03737,5.737,5.737
P03742,6.372,6.372
P03749,2.056,2.056
P03752,6.653,6.653
P03768,8.761,8.761
P03770,2.27,2.27
P03774,1.012,1.012
P03776,9.029,9.029
P03777,1.84,1.84
P03780,4.499,4.499
P03781,6.339,6.339
P03782,1.581,1.581
P03785,4.841,4.841
P03787,7.413,7.413
P03788,2.415,2.415
P03794,9.696,9.696
P03799,5.641,5.641
P03802,8.355,8.355
P03803,1.674,1.674
P03806,6.989,6.989
P03809,0.082,0.082
P03811,8.627,8.627
P03814,0.201,0.201
P03818,8.418,8.418
P03823,3.722,3.722
P03827,6.585,6.585
P03830,7.856,7.856
P03831,0.15,0.15
P03832,4.429,4.429
P03838,7.702,7.702
P03842,4.673,4.673
P03843,0.48,0.48
P03849,7.249,7.249
P03850,1.403,1.403
P03851,7.065,7.065
P03852,5.915,5.915
P03856,0.148,0.148
P03858,1.143,1.143
P03859,2.281,2.281
P03863,2.69,2.69
P03864,4.308,4.308
P03865,5.7,5.7
P03870,9.581,9.581
P03872,8.92,8.92
P03879,4.76,4.76
P03882,4.373,4.373
P03884,2.446,2.446
P03890,8.414,8.414
P03892,4.6,4.6
P03897,0.186,0.186
P03905,4.347,4.347
P03911,1.164,1.164
P03916,0.221,0.221
P03917,9.592,9.592
P03921,1.685,1.685
P03926,3.251,3.251
P03927,0.658,0.658
P03933,9.655,9.655
P03934,0.785,0.785
P03936,0.808,0.808
P03937,3.453,3.453
P03938,3.4,3.4
P03940,8.272,8.272
P03943,5.811,5.811
P03946,9.365,9.365
P03949,4.721,4.721
P03954,0.978,0.978
P03956,9.092,9.092
P03959,7.58,7.58
P03961,9.577,9.577
P03963,9.121,9.121
P03966,2.449,2.449
P03972,5.606,5.606
P03973,6.058,6.058
P03975,7.271,7.271
P03979,5.138,5.138
P03985,0.433,0.433
P03988,9.221,9.221
P03991,2.203,2.203
P03992,7.494,7.494
P03993,2.05,2.05
P03995,4.912,4.912
P03996,0.957,0.957
P04000,2.22,2.22
P04002,7.592,7.592
P04003,8.529,8.529
P04008,8.742,8.742
P04009,7.739,7.739
P04011,9.583,9.583
P04021,0.463,0.463
P04024,2.288,2.288
P04029,9.073,9.073
P04031,4.236,4.236
P04033,0.072,0.072
P04034,8.667,8.667
P04042,8.16,8.16
P04060,2.711,2.711
P04061,1.793,1.793
P04064,3.455,3.455
P04071,7.707,7.707
P04072,8.881,8.881
P04075,6.848,6.848
P04078,3.31,3.31
P04080,2.793,2.793
P04081,7.223,7.223
P04082,2.985,2.985
P04085,0.443,0.443
P04087,8.415,8.415
P04091,3.676,3.676
P04093,6.125,6.125
P04095,7.554,7.554
P04099,4.375,4.375
P04101,1.514,1.514
P04102,1.595,1.595
P04103,5.514,5.514
P04110,3.611,3.611
P04114,6.825,6.825
P04116,7.988,7.988
P04123,3.801,3.801
P04124,5.995,5.995
P04125,1.049,1.049
P04128,0.617,0.617
P04132,9.15,9.15
P04135,1.18,1.18
P04147,0.349,0.349
P04149,4.156,4.156
P04151,4.23,4.23
P04152,5.394,5.394
P04163,3.58,3.58
P04165,3.598,3.598
P04167,5.342,5.342
P04169,2.464,2.464
P04176,3.194,3.194
P04177,6.818,6.818
P04178,4.155,4.155
P04180,2.098,2.098
P04183,6.947,6.947
P04185,9.158,9.158
P04192,8.18,8.18
P04193,1.591,1.591
P04197,8.557,8.557
P04208,6.209,6.209
P04212,7.502,7.502
P04213,1.948,1.948
P04220,0.893,0.893
P04223,7.334,7.334
P04225,3.293,3.293
P04231,3.342,3.342
P04235,3.311,3.311
P04237,4.691,4.691
P04239,0.606,0.606
P04245,0.75,0.75
P04247,4.634,4.634
P04250,6.245,6.245
P04251,5.987,5.987
P04253,1.359,1.359
P04255,8.388,8.388
P04257,1.858,1.858
P04259,0.316,0.316
P04260,2.763,2.763
P04264,1.021,1.021
P04265,4.725,4.725
P04267,4.033,4.033
P04272,2.02,2.02
P04273,8.218,8.218
P04274,1.48,1.48
P04275,5.403,5.403
P04276,5.993,5.993
P04282,4.023,4.023
P04287,0.508,0.508
P04288,9.105,9.105
P04293,2.003,2.003
P04297,7.786,7.786
P04300,5.307,5.307
P04303,9.968,9.968
P04304,6.62,6.62
P04307,4.144,4.144
P04310,1.472,1.472
P04316,0.431,0.431
P04317,0.92,0.92
P04318,9.812,9.812
P04319,0.671,0.671
P04322,0.472,0.472
P04326,8.275,8.275
P04328,9.889,9.889
P04331,8.61,8.61
P04332,1.552,1.552
P04335,6.971,6.971
P04347,6.124,6.124
P04352,6.913,6.913
P04355,1.447,1.447
P04357,4.066,4.066
P04365,9.628,9.628
P04366,2.478,2.478
P04367,3.602,3.602
P04374,5.926,5.926
P04376,5.191,5.191
P04377,2.311,2.311
P04378,4.17,4.17
P04379,7.997,7.997
P04382,3.833,3.833
P04383,3.333,3.333
P04394,4.67,4.67
P04396,4.367,4.367
P04397,6.761,6.761
P04402,4.131,4.131
P04405,3.408,3.408
P04407,8.612,8.612
P04409,9.295,9.295
P04410,5.093,5.093
P04411,3.336,3.336
P04418,9.906,9.906
P04422,3.592,3.592
P04425,7.816,7.816
P04427,9.137,9.137
P04430,6.367,6.367
P04439,8.093,8.093
P04442,9.515,9.515
P04445,4.765,4.765
P04446,6.186,6.186
P04450,3.284,3.284
P04451,0.026,0.026
P04452,3.123,3.123
P04454,3.001,3.001
P04455,5.799,5.799
P04459,1.609,1.609
P04468,0.579,0.579
P04469,7.661,7.661
P04471,2.336,2.336
P04473,6.917,6.917
P04474,0.574,0.574
P04478,5.944,5.944
P04479,6.007,6.007
P04483,3.466,3.466
P04485,4.369,4.369
P04486,3.126,3.126
P04490,7.548,7.548
P04491,0.884,0.884
P04492,5.633,5.633
P04493,9.576,9.576
P04496,6.435,6.435
P04497,1.906,1.906
P04502,5.17,5.17
P04503,4.523,4.523
P04509,4.425,4.425
P04510,2.486,2.486
P04511,7.202,7.202
P04512,5.58,5.58
P04514,0.162,0.162
P04516,1.442,1.442
P04517,8.859,8.859
P04519,9.042,9.042
P04523,6.473,6.473
P04526,6.79,6.79
P04529,3.347,3.347
P04533,4.428,4.428
P04535,9.202,9.202
P04536,7.315,7.315
P04539,4.518,4.518
P04540,5.278,5.278
P04541,4.486,4.486
P04548,3.592,3.592
P04553,6.412,6.412
P04554,9.03,9.03
P04555,6.565,6.565
P04556,2.371,2.371
P04558,4.178,4.178
P04563,5.561,5.561
P04570,4.603,4.603
P04571,0.328,0.328
P04575,7.214,7.214
P04581,6.251,6.251
P04593,3.318,3.318
P04597,3.314,3.314
P04600,9.445,9.445
P04605,9.433,9.433
P04606,8.105,8.105
P04607,5.687,5.687
P04608,5.536,5.536
P04609,7.197,7.197
P04615,7.836,7.836
P04620,5.164,5.164
P04623,7.993,7.993
P04626,9.168,9.168
P04627,7.641,7.641
P04628,1.48,1.48
P04629,5.556,5.556
P04630,6.896,6.896
P04634,7.399,7.399
P04640,8.407,8.407
P04643,6.49,6.49
P04646,4.055,4.055
P04647,9.165,9.165
P04651,7.728,7.728
P04653,2.651,2.651
P04657,5.763,5.763
P04658,7.255,7.255
P04664,3.54,3.54
P04667,9.755,9.755
P04668,4.375,4.375
P04669,4.711,4.711
P04671,6.16,6.16
P04674,3.948,3.948
P04678,3.369,3.369
P04695,8.913,8.913
P04696,9.356,9.356
P04699,4.76,4.76
P04700,1.596,1.596
P04705,1.662,1.662
P04716,5.512,5.512
P04721,7.639,7.639
P04722,6.416,6.416
P04724,4.153,4.153
P04727,4.001,4.001
P04731,0.543,0.543
P04732,0.121,0.121
P04736,4.804,4.804
P04737,8.766,8.766
P04746,1.205,1.205
P04760,3.798,3.798
P04768,5.702,5.702
P04772,1.952,1.952
P04773,1.561,1.561
P04777,6.279,6.279
P04781,5.368,5.368
P04782,9.751,9.751
P04784,5.613,5.613
P04785,5.373,5.373
P04786,0.278,0.278
P04788,8.598,8.598
P04789,3.171,3.171
P04791,4.961,4.961
P04792,8.348,8.348
P04794,9.599,9.599
P04800,9.103,9.103
P04802,8.271,8.271
P04811,9.878,9.878
P04814,7.575,7.575
P04816,6.866,6.866
P04828,3.494,3.494
P04829,5.456,5.456
P04830,2.681,2.681
P04831,2.335,2.335
P04838,9.057,9.057
P04840,0.143,0.143
P04841,4.308,4.308
P04842,9.037,9.037
P04848,9.792,9.792
P04858,1.934,1.934
P04863,5.642,5.642
P04864,3.405,3.405
P04865,0.945,0.945
P04866,1.915,1.915
P04867,3.181,3.181
P04869,0.088,0.088
P04870,8.787,8.787
P04872,8.158,8.158
P04875,7.89,7.89
P04876,2.375,2.375
P04877,5.026,5.026
P04879,0.386,0.386
P04886,6.859,6.859
P04891,2.242,2.242
P04892,0.404,0.404
P04895,5.76,5.76
P04896,8.84,8.84
P04897,3.61,3.61
P04901,6.147,6.147
P04903,4.19,4.19
P04904,6.806,6.806
P04912,5.728,5.728
P04915,9.06,9.06
P04918,1.982,1.982
P04919,6.094,6.094
P04923,2.907,2.907
P04926,7.37,7.37
P04927,3.711,3.711
P04932,2.441,2.441
P04934,6.342,6.342
P04945,7.324,7.324
P04946,1.256,1.256
P04948,7.008,7.008
P04952,7.212,7.212
P04955,8.486,8.486
P04956,9.934,9.934
P04960,7.519,7.519
P04961,9.225,9.225
P04964,0.03,0.03
P04973,4.409,4.409
P04974,9.514,9.514
P04975,6.157,6.157
P04976,1.236,1.236
P04977,1.547,1.547
P04981,8.063,8.063
P04984,0.264,0.264
P04985,3.368,3.368
P04991,8.071,8.071
P04993,2.479,2.479
P04994,4.653,4.653
P04995,1.414,1.414
P05003,1.774,1.774
P05005,4.992,4.992
P05009,4.583,4.583
P05013,0.738,0.738
P05023,3.963,3.963
P05026,7.214,7.214
P05028,2.776,2.776
P05031,0.783,0.783
P05038,5.929,5.929
P05039,7.332,7.332
P05040,4.673,4.673
P05041,6.009,6.009
P05042,2.422,2.422
P05043,0.137,0.137
P05046,9.157,9.157
P05049,6.023,6.023
P05052,6.475,6.475
P05054,6.672,6.672
P05056,5.898,5.898
P05059,0.256,0.256
P05060,2.001,2.001
P05062,6.029,6.029
P05065,5.289,5.289
P05066,6.376,6.376
P05068,2.986,2.986
P05076,3.776,3.776
P05078,7.025,7.025
P05079,5.627,5.627
P05083,2.593,2.593
P05085,4.33,4.33
P05086,3.626,3.626
P05088,6.395,6.395
P05089,6.135,6.135
P05090,5.84,5.84
P05091,7.266,7.266
P05092,2.193,2.193
P05094,5.615,5.615
P05095,4.0,4.0
P05099,0.771,0.771
P05101,3.08,3.08
P05107,7.866,7.866
P05108,1.143,1.143
P05111,4.304,4.304
P05116,2.521,2.521
P05122,2.826,2.826
P05124,6.221,6.221
P05127,7.244,7.244
P05128,9.045,9.045
P05130,2.828,2.828
P05131,0.196,0.196
P05133,4.703,4.703
P05139,3.09,3.09
P05143,9.098,9.098
P05148,3.459,3.459
P05153,9.476,9.476
P05157,7.334,7.334
P05160,2.257,2.257
P05163,7.261,7.261
P05164,1.041,1.041
P05167,1.175,1.175
P05168,8.567,8.567
P05170,0.377,0.377
P05172,5.132,5.132
P05173,1.261,1.261
P05174,2.272,2.272
P05175,5.234,5.234
P05177,6.885,6.885
P05178,7.943,7.943
P05181,9.895,9.895
P05183,4.539,4.539
P05185,1.578,1.578
P05186,5.834,5.834
P05188,8.094,8.094
P05192,6.749,6.749
P05197,5.769,5.769
P05200,0.83,0.83
P05202,4.136,4.136
P05210,4.129,4.129
P05211,0.967,0.967
P05214,6.864,6.864
P05217,6.926,6.926
P05224,6.84,6.84
P05225,7.66,7.66
P05226,5.995,5.995
P05232,3.403,3.403
P05233,4.221,4.221
P05245,3.287,3.287
P05251,0.472,0.472
P05253,8.203,8.203
P05255,0.72,0.72
P05258,5.743,5.743
P05259,9.722,9.722
P05262,1.927,1.927
P05263,9.216,9.216
P05264,4.999,4.999
P05272,9.64,9.64
P05279,8.82,8.82
P05281,2.657,2.657
P05285,8.152,8.152
P05286,1.124,1.124
P05292,8.402,8.402
P05294,0.737,0.737
P05296,4.795,4.795
P05297,7.177,7.177
P05298,8.076,8.076
P05299,5.118,5.118
P05305,4.2,4.2
P05309,3.799,3.799
P05311,5.455,5.455
P05315,7.487,7.487
P05317,2.187,2.187
P05322,2.604,2.604
P05323,6.189,6.189
P05324,7.921,7.921
P05325,8.615,8.615
P05326,5.945,5.945
P05327,4.864,4.864
P05328,2.877,2.877
P05329,8.746,8.746
P05332,5.849,5.849
P05343,1.985,1.985
P05346,1.2,1.2
P05349,7.129,7.129
P05351,4.127,4.127
P05353,6.634,6.634
P05354,9.358,9.358
P05355,7.403,7.403
P05356,5.63,5.63
P05357,1.216,1.216
P05359,5.602,5.602
P05365,7.312,7.312
P05367,0.096,0.096
P05376,4.444,4.444
P05380,5.78,5.78
P05384,9.51,9.51
P05385,6.885,6.885
P05390,7.826,7.826
P05397,7.504,7.504
P05404,5.935,5.935
P05408,6.97,6.97
P05411,8.247,8.247
P05412,6.736,6.736
P05416,8.051,8.051
P05417,8.875,8.875
P05418,1.772,1.772
P05422,3.223,3.223
P05423,2.622,2.622
P05426,9.83,9.83
P05430,0.569,0.569
P05432,1.317,1.317
P05433,5.38,5.38
P05440,6.43,6.43
P05441,0.015,0.015
P05443,1.424,1.424
P05444,1.87,1.87
P05450,6.872,6.872
P05453,2.064,2.064
P05462,2.186,2.186
P05466,6.795,6.795
P05468,9.523,9.523
P05469,5.673,5.673
P05476,7.623,7.623
P05479,1.532,1.532
P05485,9.891,9.891
P05496,4.024,4.024
P05498,4.905,4.905
P05501,5.909,5.909
P05504,2.673,2.673
P05507,4.305,4.305
P05508,6.559,6.559
P05511,0.91,0.91
P05513,2.207,2.207
P05515,6.065,6.065
P05517,2.025,2.025
P05518,4.221,4.221
P05524,9.994,9.994
P05525,2.809,2.809
P05531,7.946,7.946
P05533,9.576,9.576
P05545,7.746,7.746
P05548,9.8,9.8
P05549,0.273,0.273
P05551,9.61,9.61
P05553,8.886,8.886
P05554,2.568,2.568
P05561,5.355,5.355
P05563,2.682,2.682
P05566,0.83,0.83
P05569,8.515,8.515
P05573,8.972,8.972
P05574,3.081,3.081
P05576,4.083,4.083
P05578,3.699,3.699
P05580,0.907,0.907
P05581,6.036,6.036
P05587,9.172,9.172
P05589,3.781,3.781
P05590,8.802,8.802
P05591,3.986,3.986
P05592,2.692,2.692
P05593,9.614,9.614
P05594,6.857,6.857
P05605,7.803,7.803
P05610,2.511,2.511
P05612,1.278,1.278
P05614,9.268,9.268
P05616,3.346,3.346
P05620,6.834,6.834
P05623,9.487,9.487
P05631,6.087,6.087
P05632,1.974,1.974
P05638,5.119,5.119
P05639,8.515,8.515
P05642,8.156,8.156
P05648,9.911,9.911
P05651,2.41,2.41
P05652,3.526,3.526
P05656,7.72,7.72
P05659,0.037,0.037
P05660,1.218,1.218
P05665,5.769,5.769
P05666,8.316,8.316
P05674,9.758,9.758
P05675,5.143,5.143
P05679,7.539,7.539
P05680,9.242,9.242
P05684,4.792,4.792
P05687,6.25,6.25
P05690,8.135,8.135
P05693,4.192,4.192
P05695,0.874,0.874
P05697,3.204,3.204
P05698,8.358,8.358
P05699,9.276,9.276
P05700,3.365,3.365
P05702,1.071,1.071
P05709,3.215,3.215
P05712,8.679,8.679
P05714,5.222,5.222
P05715,8.492,8.492
P05716,3.758,3.758
P05717,5.405,5.405
P05718,8.589,8.589
P05721,5.643,5.643
P05722,7.35,7.35
P05723,0.819,0.819
P05726,7.625,7.625
P05727,4.647,4.647
P05728,2.112,2.112
P05735,5.279,5.279
P05744,4.287,4.287
P05747,6.068,6.068
P05748,7.743,7.743
P05754,3.756,3.756
P05761,4.122,4.122
P05762,3.105,3.105
P05763,2.008,2.008
P05764,0.082,0.082
P05765,2.505,2.505
P05767,3.682,3.682
P05771,7.924,7.924
P05773,2.399,2.399
P05775,4.333,4.333
P05776,9.183,9.183
P05777,4.737,4.737
P05779,8.94,8.94
P05780,8.354,8.354
P05786,6.797,6.797
P05794,1.933,1.933
P05796,7.213,7.213
P05808,1.835,1.835
P05812,9.485,9.485
P05815,0.65,0.65
P05816,2.713,2.713
P05819,2.345,2.345
P05823,4.498,4.498
P05826,6.456,6.456
P05829,0.72,0.72
P05831,6.075,6.075
P05832,6.715,6.715
P05833,0.987,0.987
P05845,6.518,6.518
P05846,6.286,6.286
P05849,4.021,4.021
P05854,1.285,1.285
P05855,1.864,1.864
P05856,5.425,5.425
P05857,4.584,4.584
P05858,4.656,4.656
P05860,2.733,2.733
P05862,6.707,6.707
P05863,8.618,8.618
P05864,8.866,8.866
P05866,0.86,0.86
P05880,9.353,9.353
P05881,8.205,8.205
P05882,2.735,2.735
P05883,2.049,2.049
P05884,8.719,8.719
P05885,3.366,3.366
P05889,0.001,0.001
P05895,4.359,4.359
P05905,3.917,3.917
P05909,7.887,7.887
P05910,9.378,9.378
P05912,7.954,7.954
P05917,6.942,6.942
P05921,1.329,1.329
P05927,8.908,8.908
P05928,0.979,0.979
P05930,9.076,9.076
P05931,1.179,1.179
P05935,3.904,3.904
P05938,3.72,3.72
P05939,4.9,4.9
P05942,0.761,0.761
P05943,9.177,9.177
P05949,2.291,2.291
P05950,6.512,6.512
P05952,8.516,8.516
P05956,1.634,1.634
P05957,9.171,9.171
P05961,4.092,4.092
P05962,1.389,1.389
P05964,1.973,1.973
P05970,5.554,5.554
P05972,6.363,6.363
P05974,3.489,3.489
P05977,4.839,4.839
P05983,0.067,0.067
P05984,6.587,6.587
P05985,4.336,4.336
P05986,8.194,8.194
P05989,1.989,1.989
P05992,9.766,9.766
P06000,4.897,4.897
P06004,1.205,1.205
P06006,8.162,8.162
P06008,3.869,3.869
P06011,6.604,6.604
P06014,6.383,6.383
P06016,9.6,9.6
P06023,3.54,3.54
P06025,5.23,5.23
P06027,4.038,4.038
P06029,9.494,9.494
P06031,1.374,1.374
P06037,4.961,4.961
P06042,2.279,2.279
P06044,1.864,1.864
P06046,6.31,6.31
P06054,7.536,7.536
P06055,8.815,8.815
P06058,7.721,7.721
P06059,5.597,5.597
P06060,9.268,9.268
P06062,6.265,6.265
P06068,3.767,3.767
P06070,4.853,4.853
P06072,9.155,9.155
P06073,2.019,2.019
P06074,7.59,7.59
P06076,0.022,0.022
P06079,5.361,5.361
P06080,7.027,7.027
P06082,3.584,3.584
P06083,5.135,5.135
P06084,7.679,7.679
P06090,5.173,5.173
P06095,4.491,4.491
P06096,9.061,9.061
P06097,6.017,6.017
P06101,8.701,8.701
P06110,3.946,3.946
P06111,5.555,5.555
P06112,5.35,5.35
P06116,4.828,4.828
P06117,6.714,6.714
P06118,5.573,5.573
P06119,5.79,5.79
P06120,9.691,9.691
P06126,5.849,5.849
P06135,5.302,5.302
P06139,2.757,2.757
P06140,1.457,1.457
P06142,2.623,2.623
P06143,4.739,4.739
P06150,7.691,7.691
P06157,2.12,2.12
P06159,1.595,1.595
P06164,7.951,7.951
P06169,7.928,7.928
P06175,0.21,0.21
P06179,1.204,1.204
P06180,8.935,8.935
P06181,7.573,7.573
P06182,6.899,6.899
P06185,5.487,5.487
P06193,3.636,3.636
P06194,5.652,5.652
P06196,7.517,7.517
P06201,7.491,7.491
P06206,3.282,3.282
P06210,3.489,3.489
P06212,1.176,1.176
P06213,4.086,4.086
P06214,2.155,2.155
P06215,9.303,9.303
P06216,8.124,8.124
P06217,7.782,7.782
P06221,2.477,2.477
P06222,3.242,3.242
P06223,8.338,8.338
P06228,2.17,2.17
P06235,2.406,2.406
P06237,6.513,6.513
P06241,1.53,1.53
P06247,7.752,7.752
P06248,3.849,3.849
P06251,3.091,3.091
P06254,6.776,6.776
P06255,8.653,8.653
P06259,4.329,4.329
P06261,8.592,8.592
P06263,7.813,7.813
P06264,7.106,7.106
P06266,5.818,5.818
P06270,8.77,8.77
P06272,6.141,6.141
P06273,2.156,2.156
P06275,3.766,3.766
P06276,5.286,5.286
P06282,4.137,4.137
P06286,3.773,3.773
P06288,4.992,4.992
P06291,9.247,9.247
P06295,9.38,9.38
P06297,8.609,8.609
P06299,3.689,3.689
P06300,5.572,5.572
P06301,5.875,5.875
P06302,3.365,3.365
P06308,5.073,5.073
P06311,4.425,4.425
P06312,9.389,9.389
P06315,2.789,2.789
P06316,2.095,2.095
P06319,1.019,1.019
P06320,8.908,8.908
P06323,5.133,5.133
P06328,6.383,6.383
P06331,5.374,5.374
P06334,9.647,9.647
P06335,4.782,4.782
P06339,9.684,9.684
P06353,6.81,6.81
P06355,8.2,8.2
P06364,8.077,8.077
P06368,2.056,2.056
P06373,1.881,1.881
P06374,1.066,1.066
P06375,0.245,0.245
P06377,3.468,3.468
P06379,7.592,7.592
P06380,5.918,5.918
P06386,0.997,0.997
P06387,8.307,8.307
P06391,9.818,9.818
P06397,7.671,7.671
P06401,5.362,5.362
P06402,5.59,5.59
P06405,7.211,7.211
P06408,1.919,1.919
P06409,5.346,5.346
P06410,2.37,2.37
P06412,8.134,8.134
P06413,6.977,6.977
P06417,7.789,7.789
P06423,7.864,7.864
P06425,9.461,9.461
P06428,4.448,4.448
P06432,2.511,2.511
P06436,3.195,3.195
P06439,3.177,3.177
P06442,4.107,4.107
P06443,3.593,3.593
P06444,6.865,6.865
P06448,4.722,4.722
P06452,7.574,7.574
P06453,3.019,3.019
P06454,4.069,4.069
P06456,5.476,5.476
P06457,3.503,3.503
P06460,5.963,5.963
P06463,6.468,6.468
P06464,6.625,6.625
P06469,3.988,3.988
P06470,7.576,7.576
P06471,2.5,2.5
P06474,9.286,9.286
P06476,0.004,0.004
P06479,1.973,1.973
P06481,0.114,0.114
P06482,4.072,4.072
P06483,0.661,0.661
P06484,7.842,7.842
P06488,9.718,9.718
P06490,5.143,5.143
P06494,4.399,4.399
P06495,1.366,1.366
P06505,6.34,6.34
P06507,8.531,8.531
P06509,5.072,5.072
P06512,8.702,8.702
P06515,3.23,3.23
P06516,2.213,2.213
P06520,0.225,0.225
P06533,8.924,8.924
P06535,0.013,0.013
P06539,1.416,1.416
P06540,2.341,2.341
P06542,9.073,9.073
P06544,9.237,9.237
P06546,9.901,9.901
P06550,9.063,9.063
P06552,3.728,3.728
P06555,6.791,6.791
P06560,7.345,7.345
P06562,1.967,1.967
P06563,5.416,5.416
P06566,9.778,9.778
P06567,6.134,6.134
P06573,5.501,5.501
P06575,0.891,0.891
P06580,3.73,3.73
P06588,6.721,6.721
P06589,0.172,0.172
P06591,7.453,7.453
P06592,6.614,6.614
P06594,2.44,2.44
P06595,7.242,7.242
P06596,2.033,2.033
P06598,1.819,1.819
P06599,4.154,4.154
P06602,3.866,3.866
P06606,7.943,7.943
P06610,1.414,1.414
P06622,1.121,1.121
P06632,2.827,2.827
P06635,4.936,4.936
P06646,3.886,3.886
P06654,6.011,6.011
P06656,7.063,7.063
P06660,8.838,8.838
P06661,9.521,9.521
P06662,3.709,3.709
P06664,2.459,2.459
P06668,6.694,6.694
P06672,6.096,6.096
P06677,0.819,0.819
P06680,7.292,7.292
P06687,4.234,4.234
P06691,2.624,2.624
P06700,7.862,7.862
P06703,9.586,9.586
P06704,7.245,7.245
P06711,7.649,7.649
P06713,7.33,7.33
P06715,8.931,8.931
P06716,9.269,9.269
P06720,7.598,7.598
P06723,1.961,1.961
P06725,1.38,1.38
P06726,3.278,3.278
P06733,0.375,0.375
P06735,4.29,4.29
P06743,8.752,8.752
P06744,2.528,2.528
P06745,2.192,2.192
P06751,0.505,0.505
P06759,8.43,8.43
P06760,4.66,4.66
P06761,7.737,7.737
P06762,4.86,4.86
P06764,2.827,2.827
P06765,1.022,1.022
P06766,4.138,4.138
P06768,0.465,0.465
P06769,3.968,3.968
P06773,7.456,7.456
P06774,3.426,3.426
P06776,7.916,7.916
P06778,0.598,0.598
P06781,2.863,2.863
P06782,4.143,4.143
P06783,3.043,3.043
P06784,0.877,0.877
P06788,9.246,9.246
P06790,7.047,7.047
P06793,9.721,9.721
P06794,2.915,2.915
P06795,0.246,0.246
P06796,6.275,6.275
P06797,4.852,4.852
P06799,1.466,1.466
P06800,2.302,2.302
P06811,9.045,9.045
P06817,9.127,9.127
P06820,0.272,0.272
P06823,7.1,7.1
P06829,6.857,6.857
P06831,4.949,4.949
P06832,4.388,4.388
P06845,7.454,7.454
P06846,4.632,4.632
P06848,2.823,2.823
P06849,1.246,1.246
P06850,0.992,0.992
P06851,3.693,3.693
P06860,2.649,2.649
P06865,2.07,2.07
P06868,9.226,9.226
P06869,9.212,9.212
P06871,4.054,4.054
P06872,2.943,2.943
P06873,1.315,1.315
P06881,1.212,1.212
P06883,7.621,7.621
P06885,2.836,2.836
P06886,4.787,4.787
P06890,8.105,8.105
P06892,6.374,6.374
P06898,6.761,6.761
P06901,8.814,8.814
P06906,7.618,7.618
P06911,9.964,9.964
P06918,7.35,7.35
P06925,3.538,3.538
P06928,0.099,0.099
P06933,9.159,9.159
P06936,0.016,0.016
P06943,5.056,5.056
P06945,8.281,8.281
P06946,2.7,2.7
P06948,1.386,1.386
P06952,0.658,0.658
P06955,4.135,4.135
P06956,5.348,5.348
P06959,5.648,5.648
P06964,8.109,8.109
P06968,1.06,1.06
P06970,1.672,1.672
P06971,2.172,2.172
P06972,4.898,4.898
P06973,8.999,8.999
P06975,5.056,5.056
P06976,9.525,9.525
P06983,4.156,4.156
P06985,3.626,3.626
P06987,5.85,5.85
P06988,4.365,4.365
P06989,3.669,3.669
P06992,8.348,8.348
P06996,3.403,3.403
P06997,8.218,8.218
P07000,1.085,1.085
P07001,8.087,8.087
P07006,6.314,6.314
P07013,8.782,8.782
P07014,3.825,3.825
P07020,0.471,0.471
P07024,4.817,4.817
P07026,6.944,6.944
P07034,6.455,6.455
P07036,1.308,1.308
P07037,8.065,8.065
P07046,5.944,5.944
P07051,2.359,2.359
P07052,3.176,3.176
P07054,4.572,4.572
P07056,2.919,2.919
P07059,6.542,6.542
P07062,2.407,2.407
P07067,9.044,9.044
P07070,1.425,1.425
P07074,6.55,6.55
P07081,9.223,9.223
P07092,3.668,3.668
P07093,4.048,4.048
P07094,2.736,2.736
P07097,4.226,4.226
P07098,2.432,2.432
P07102,3.158,3.158
P07103,6.811,6.811
P07104,4.906,4.906
P07112,8.599,8.599
P07121,1.775,1.775
P07124,1.432,1.432
P07125,6.962,6.962
P07128,9.758,9.758
P07130,8.394,8.394
P07131,1.909,1.909
P07134,2.426,2.426
P07135,8.869,8.869
P07136,3.332,3.332
P07141,1.311,1.311
P07142,4.707,4.707
P07144,5.303,5.303
P07145,1.91,1.91
P07147,6.262,6.262
P07149,5.454,5.454
P07157,5.72,5.72
P07162,4.903,4.903
P07163,6.284,6.284
P07164,0.569,0.569
P07166,7.096,7.096
P07167,7.65,7.65
P07168,2.221,2.221
P07172,2.802,2.802
P07185,0.295,0.295
P07190,5.346,5.346
P07194,7.01,7.01
P07197,4.68,4.68
P07201,1.433,1.433
P07204,6.594,6.594
P07205,7.82,7.82
P07208,0.321,0.321
P07210,6.218,6.218
P07213,2.265,2.265
P07217,9.443,9.443
P07219,6.454,6.454
P07225,8.675,8.675
P07227,3.005,3.005
P07231,1.991,1.991
P07234,2.573,2.573
P07236,3.847,3.847
P07239,1.835,1.835
P07241,0.083,0.083
P07248,4.377,4.377
P07253,4.393,4.393
P07259,3.737,3.737
P07260,4.574,4.574
P07267,6.433,6.433
P07270,9.761,9.761
P07274,9.855,9.855
P07276,5.975,5.975
P07277,3.205,3.205
P07283,6.224,6.224
P07284,8.21,8.21
P07290,6.198,6.198
P07292,4.041,4.041
P07296,4.476,4.476
P07301,2.096,2.096
P07307,6.884,6.884
P07312,7.932,7.932
P07313,6.985,6.985
P07314,6.649,6.649
P07316,0.268,0.268
P07319,1.115,1.115
P07322,3.138,3.138
P07329,2.381,2.381
P07332,8.39,8.39
P07335,9.566,9.566
P07339,2.307,2.307
P07341,4.934,4.934
P07344,7.696,7.696
P07345,6.253,6.253
P07350,1.906,1.906
P07351,7.608,7.608
P07355,9.74,9.74
P07356,5.724,5.724
P07366,7.202,7.202
P07369,0.541,0.541
P07371,9.636,9.636
P07377,6.122,6.122
P07378,8.523,8.523
P07381,9.983,9.983
P07383,9.081,9.081
P07386,8.713,8.713
P07398,4.421,4.421
P07400,9.088,9.088
P07401,0.851,0.851
P07402,5.394,5.394
P07410,3.358,3.358
P07418,1.074,1.074
P07420,1.874,1.874
P07422,0.39,0.39
P07423,0.577,0.577
P07424,7.944,7.944
P07427,4.109,4.109
P07433,7.463,7.463
P07438,3.756,3.756
P07443,7.467,7.467
P07445,9.69,9.69
P07446,9.242,9.242
P07447,0.283,0.283
P07452,1.78,1.78
P07453,4.515,4.515
P07456,2.607,2.607
P07458,2.253,2.253
P07466,2.522,2.522
P07469,6.699,6.699
P07470,9.525,9.525
P07473,9.513,9.513
P07475,5.624,5.624
P07479,0.331,0.331
P07480,0.911,0.911
P07488,8.58,8.58
P07493,5.642,5.642
P07497,4.858,4.858
P07499,3.364,3.364
P07500,9.116,9.116
P07502,6.62,6.62
P07505,4.95,4.95
P07507,0.177,0.177
P07508,9.677,9.677
P07509,2.818,2.818
P07510,5.327,5.327
P07512,8.728,8.728
P07514,9.941,9.941
P07516,5.218,5.218
P07519,2.769,2.769
P07520,0.62,0.62
P07528,5.763,5.763
P07530,7.979,7.979
P07531,6.714,6.714
P07533,5.27,5.27
P07535,7.117,7.117
P07537,2.654,2.654
P07539,9.641,9.641
P07540,4.858,4.858
P07546,3.594,3.594
P07547,0.365,0.365
P07555,0.841,0.841
P07561,2.655,2.655
P07562,8.433,8.433
P07567,0.593,0.593
P07569,8.175,8.175
P07571,4.332,4.332
P07573,9.991,9.991
P07577,9.944,9.944
P07578,7.427,7.427
P07579,9.623,9.623
P07581,7.623,7.623
P07582,1.699,1.699
P07583,5.944,5.944
P07586,7.007,7.007
P07593,1.415,1.415
P07594,8.849,8.849
P07596,3.933,3.933
P07598,2.841,2.841
P07602,8.484,8.484
P07603,6.665,6.665
P07605,4.394,4.394
P07609,1.614,1.614
P07610,7.466,7.466
P07611,6.096,6.096
P07612,0.9,0.9
P07614,1.486,1.486
P07617,9.669,9.669
P07618,0.738,0.738
P07619,4.202,4.202
P07620,7.005,7.005
P07625,2.96,2.96
P07630,5.852,5.852
P07632,8.866,8.866
P07633,4.245,4.245
P07636,8.28,8.28
P07637,9.401,9.401
P07638,1.567,1.567
P07645,8.183,8.183
P07650,4.154,4.154
P07651,9.17,9.17
P07652,8.227,8.227
P07655,9.588,9.588
P07656,5.149,5.149
P07658,5.597,5.597
P07659,5.039,5.039
P07661,2.661,2.661
P07662,9.417,9.417
P07664,4.16,4.16
P07668,0.456,0.456
P07670,7.709,7.709
P07672,7.232,7.232
P07686,4.101,4.101
P07690,2.112,2.112
P07692,2.913,2.913
P07693,7.577,7.577
P07694,6.94,6.94
P07695,4.625,4.625
P07696,4.325,4.325
P07699,7.419,7.419
P07700,4.677,4.677
P07703,1.371,1.371
P07712,2.844,2.844
P07716,6.454,6.454
P07721,5.48,5.48
P07725,5.098,5.098
P07728,3.342,3.342
P07730,6.813,6.813
P07738,9.312,9.312
P07739,6.976,6.976
P07741,2.958,2.958
P07742,8.755,8.755
P07744,9.034,9.034
P07746,7.588,7.588
P07747,5.699,5.699
P07750,3.508,3.508
P07752,9.381,9.381
P07755,5.865,5.865
P07757,9.132,9.132
P07758,8.765,8.765
P07760,8.905,8.905
P07766,4.609,4.609
P07769,3.233,3.233
P07773,7.53,7.53
P07774,9.583,9.583
P07776,2.602,2.602
P07779,8.449,8.449
P07783,7.983,7.983
P07784,8.211,8.211
P07788,5.825,5.825
P07789,0.824,0.824
P07792,5.089,5.089
P07800,9.245,9.245
P07803,3.425,3.425
P07804,0.489,0.489
P07807,8.263,8.263
P07808,6.882,6.882
P07810,1.339,1.339
P07812,5.855,5.855
P07816,9.435,9.435
P07820,4.571,4.571
P07821,6.308,6.308
P07824,6.816,6.816
P07830,7.831,7.831
P07833,9.68,9.68
P07836,4.579,4.579
P07837,6.091,6.091
P07839,3.805,3.805
P07841,2.4,2.4
P07842,7.399,7.399
P07843,9.139,9.139
P07844,8.965,8.965
P07845,8.359,8.359
P07847,8.39,8.39
P07851,4.055,4.055
P07853,8.83,8.83
P07854,6.801,6.801
P07857,9.436,9.436
P07861,4.596,4.596
P07862,9.293,9.293
P07863,5.552,5.552
P07864,0.215,0.215
P07869,5.18,5.18
P07874,0.857,0.857
P07876,7.275,7.275
P07879,3.294,3.294
P07880,9.456,9.456
P07883,3.693,3.693
P07886,5.43,5.43
P07892,1.794,1.794
P07893,1.403,1.403
P07896,7.923,7.923
P07902,3.843,3.843
P07903,3.916,3.916
P07906,7.29,7.29
P07907,5.664,5.664
P07909,9.002,9.002
P07911,5.206,5.206
P07913,5.31,5.31
P07914,7.042,7.042
P07931,5.414,5.414
P07933,1.665,1.665
P07934,6.609,6.609
P07936,2.017,2.017
P07937,1.397,1.397
P07943,5.71,5.71
P07944,7.143,7.143
P07947,2.876,2.876
P07950,7.028,7.028
P07951,0.569,0.569
P07955,1.022,1.022
P07956,7.619,7.619
P07957,3.606,3.606
P07960,1.358,1.358
P07961,8.887,8.887
P07962,4.909,4.909
P07963,0.969,0.969
P07965,9.891,9.891
P07966,6.683,6.683
P07968,0.983,0.983
P07973,6.465,6.465
P07974,0.367,0.367
P07976,2.859,2.859
P07977,2.988,2.988
P07979,1.736,1.736
P07982,7.049,7.049
P07986,2.432,2.432
P07987,3.88,3.88
P07988,2.707,2.707
P07989,9.108,9.108
P07990,1.361,1.361
P07994,8.783,8.783
P07997,7.489,7.489
P07998,5.798,5.798
P07999,3.157,3.157
P08006,5.106,5.106
P08007,1.747,1.747
P08008,9.431,9.431
P08010,6.464,6.464
P08013,2.526,2.526
P08016,6.815,6.815
P08020,9.529,9.529
P08025,4.392,4.392
P08026,4.281,4.281
P08032,2.903,2.903
P08033,2.175,2.175
P08034,5.196,5.196
P08038,5.244,5.244
P08039,0.064,0.064
P08043,5.892,5.892
P08045,6.638,6.638
P08048,9.568,9.568
P08049,4.256,4.256
P08053,4.747,4.747
P08056,6.723,6.723
P08059,0.058,0.058
P08061,1.644,1.644
P08063,0.393,0.393
P08065,9.601,9.601
P08066,5.751,5.751
P08067,9.31,9.31
P08069,8.767,8.767
P08073,0.125,0.125
P08075,6.037,6.037
P08076,4.881,4.881
P08085,6.044,6.044
P08088,9.901,9.901
P08090,9.731,9.731
P08091,1.212,1.212
P08092,5.562,5.562
P08096,8.632,8.632
P08100,1.318,1.318
P08102,2.41,2.41
P08104,0.966,0.966
P08105,6.541,6.541
P08107,3.73,3.73
P08108,0.226,0.226
P08109,7.694,7.694
P08110,6.465,6.465
P08112,4.865,4.865
P08115,9.888,9.888
P08120,8.964,8.964
P08121,0.218,0.218
P08123,3.002,3.002
P08127,2.837,2.837
P08131,9.973,9.973
P08141,8.263,8.263
P08147,3.395,3.395
P08154,3.249,3.249
P08155,1.492,1.492
P08157,2.572,2.572
P08159,6.225,6.225
P08162,7.737,7.737
P08164,9.058,9.058
P08170,1.732,1.732
P08173,3.21,3.21
P08180,8.712,8.712
P08182,8.856,8.856
P08186,0.352,0.352
P08188,5.042,5.042
P08189,8.868,8.868
P08190,9.194,9.194
P08194,2.215,2.215
P08198,0.328,0.328
P08205,6.18,6.18
P08207,4.278,4.278
P08210,5.02,5.02
P08222,1.703,1.703
P08223,9.105,9.105
P08228,4.571,4.571
P08233,6.695,6.695
P08234,4.578,4.578
P08241,7.241,7.241
P08242,2.372,2.372
P08243,3.008,3.008
P08244,8.312,8.312
P08245,3.29,3.29
P08254,5.698,5.698
P08255,7.255,7.255
P08256,3.923,3.923
P08258,5.385,5.385
P08268,8.113,8.113
P08271,4.194,4.194
P08274,3.38,3.38
P08280,2.843,2.843
P08281,9.22,9.22
P08285,0.756,0.756
P08287,7.951,7.951
P08289,5.28,5.28
P08296,0.691,0.691
P08307,2.845,2.845
P08314,7.789,7.789
P08321,7.942,7.942
P08322,5.472,5.472
P08328,8.065,8.065
P08335,1.802,1.802
P08345,7.891,7.891
P08346,4.988,4.988
P08347,0.145,0.145
P08348,2.146,2.146
P08352,9.841,9.841
P08355,4.904,4.904
P08358,4.329,4.329
P08359,4.583,4.583
P08363,2.782,2.782
P08365,1.765,1.765
P08366,8.396,8.396
P08375,6.886,6.886
P08376,2.151,2.151
P08379,8.746,8.746
P08380,8.996,8.996
P08382,7.815,7.815
P08384,0.129,0.129
P08389,9.392,9.392
P08390,3.558,3.558
P08391,4.931,4.931
P08395,8.327,8.327
P08396,6.679,6.679
P08401,8.765,8.765
P08411,9.297,9.297
P08415,5.656,5.656
P08417,2.582,2.582
P08423,0.313,0.313
P08424,2.512,2.512
P08427,0.094,0.094
P08434,6.202,6.202
P08438,6.413,6.413
P08440,2.855,2.855
P08443,4.542,4.542
P08444,9.173,9.173
P08448,6.673,6.673
P08449,7.506,7.506
P08450,3.206,3.206
P08454,8.604,8.604
P08458,6.354,6.354
P08459,8.951,8.951
P08470,4.893,4.893
P08471,5.166,5.166
P08475,6.894,6.894
P08481,6.33,6.33
P08484,5.723,5.723
P08485,8.945,8.945
P08492,2.32,2.32
P08493,4.263,4.263
P08498,0.834,0.834
P08502,8.804,8.804
P08503,5.226,5.226
P08507,0.092,0.092
P08508,6.953,6.953
P08509,8.057,8.057
P08510,9.709,9.709
P08512,2.535,2.535
P08514,7.014,7.014
P08524,4.113,4.113
P08529,5.736,5.736
P08533,7.567,7.567
P08538,4.37,4.37
P08539,5.44,5.44
P08541,1.411,1.411
P08542,2.325,2.325
P08547,8.136,8.136
P08549,4.387,4.387
P08556,6.388,6.388
P08559,3.347,3.347
P08562,4.64,4.64
P08567,0.835,0.835
P08568,5.345,5.345
P08581,9.102,9.102
P08586,1.203,1.203
P08588,7.69,7.69
P08591,6.638,6.638
P08597,7.558,7.558
P08598,0.704,0.704
P08606,4.634,4.634
P08608,9.746,9.746
P08610,6.178,6.178
P08612,7.416,7.416
P08613,8.634,8.634
P08614,1.906,1.906
P08615,2.409,2.409
P08616,9.732,9.732
P08617,1.015,1.015
P08623,2.392,2.392
P08627,8.888,8.888
P08628,9.975,9.975
P08629,3.431,3.431
P08634,0.744,0.744
P08641,4.03,4.03
P08655,0.095,0.095
P08662,0.75,0.75
P08663,8.684,8.684
P08670,6.044,6.044
P08674,0.953,0.953
P08677,3.161,3.161
P08680,6.398,6.398
P08681,8.31,8.31
P08684,2.199,2.199
P08685,0.736,0.736
P08691,0.245,0.245
P08694,3.728,3.728
P08698,7.676,7.676
P08701,2.781,2.781
P08702,4.63,4.63
P08703,8.586,8.586
P08706,5.098,5.098
P08707,4.479,4.479
P08710,0.001,0.001
P08712,5.633,5.633
P08713,9.702,9.702
P08716,7.789,7.789
P08717,5.896,5.896
P08719,5.717,5.717
P08723,5.555,5.555
P08728,6.094,6.094
P08729,3.111,3.111
P08730,0.89,0.89
P08732,7.553,7.553
P08738,6.745,6.745
P08740,8.345,8.345
P08743,2.738,2.738
P08744,8.462,8.462
P08747,8.221,8.221
P08752,5.405,5.405
P08754,2.226,2.226
P08755,7.399,7.399
P08756,7.494,7.494
P08757,8.842,8.842
P08758,5.015,5.015
P08759,1.819,1.819
P08760,4.379,4.379
P08761,3.93,3.93
P08762,6.369,6.369
P08763,1.382,1.382
P08765,6.572,6.572
P08766,9.655,9.655
P08767,0.142,0.142
P08768,4.04,4.04
P08770,9.63,9.63
P08772,2.495,2.495
P08776,4.225,4.225
P08779,8.744,8.744
P08782,6.587,6.587
P08792,1.706,1.706
P08799,5.199,5.199
P08803,6.544,6.544
P08805,0.691,0.691
P08811,2.766,2.766
P08821,0.676,0.676
P08822,3.385,3.385
P08824,5.355,5.355
P08827,7.321,7.321
P08828,9.057,9.057
P08832,3.879,3.879
P08835,6.489,6.489
P08836,2.355,2.355
P08839,8.296,8.296
P08841,6.439,6.439
P08844,9.178,9.178
P08845,0.445,0.445
P08857,5.209,5.209
P08859,3.567,3.567
P08861,8.628,8.628
P08866,2.582,2.582
P08871,4.08,4.08
P08872,9.759,9.759
P08874,1.334,1.334
P08886,3.383,3.383
P08890,4.061,4.061
P08891,3.225,3.225
P08893,4.057,4.057
P08897,9.225,9.225
P08899,3.378,3.378
P08900,5.022,5.022
P08907,5.322,5.322
P08913,3.787,3.787
P08916,0.671,0.671
P08919,4.689,4.689
P08920,2.786,2.786
P08922,3.106,3.106
P08923,7.257,7.257
P08925,1.891,1.891
P08926,5.865,5.865
P08927,9.593,9.593
P08930,3.37,3.37
P08936,7.655,7.655
P08939,0.803,0.803
P08941,1.287,1.287
P08942,8.796,8.796
P08945,8.39,8.39
P08946,0.322,0.322
P08950,3.349,3.349
P08953,3.013,3.013
P08962,4.091,4.091
P08965,4.821,4.821
P08972,9.177,9.177
P08973,1.083,1.083
P08978,2.959,2.959
P08979,8.719,8.719
P08980,2.871,2.871
P08984,6.682,6.682
P08986,0.344,0.344
P08989,1.315,1.315
P08991,8.625,8.625
P08995,8.499,8.499
P09003,9.691,9.691
P09004,2.61,2.61
P09005,7.104,7.104
P09009,9.901,9.901
P09010,7.764,7.764
P09014,6.986,6.986
P09015,4.667,4.667
P09020,2.757,2.757
P09022,4.352,4.352
P09026,2.426,2.426
P09027,3.977,3.977
P09034,4.857,4.857
P09035,0.979,0.979
P09039,8.023,8.023
P09042,0.7,0.7
P09054,1.894,1.894
P09058,4.601,4.601
P09076,6.836,6.836
P09080,8.333,8.333
P09081,0.913,0.913
P09082,7.865,7.865
P09085,8.93,8.93
P09088,1.067,1.067
P09090,4.845,4.845
P09092,5.55,5.55
P09093,0.807,0.807
P09097,0.647,0.647
P09102,8.242,8.242
P09109,9.434,9.434
P09110,2.252,2.252
P09113,4.17,4.17
P09118,7.761,7.761
P09123,4.413,4.413
P09127,1.416,1.416
P09129,2.936,2.936
P09131,5.9,5.9
P09134,1.478,1.478
P09138,4.289,4.289
P09140,4.872,4.872
P09143,0.364,0.364
P09151,6.506,6.506
P09153,1.122,1.122
P09160,1.743,1.743
P09162,4.529,4.529
P09164,6.647,6.647
P09169,6.266,6.266
P09173,5.559,5.559
P09174,7.827,7.827
P09177,8.508,8.508
P09180,1.996,1.996
P09184,3.215,3.215
P09186,1.709,1.709
P09194,8.297,8.297
P09195,2.231,2.231
P09201,2.905,2.905
P09204,1.171,1.171
P09208,7.133,7.133
P09209,5.906,5.906
P09217,1.108,1.108
P09218,5.161,5.161
P09220,8.81,8.81
P09221,3.151,3.151
P09227,0.959,0.959
P09232,4.902,4.902
P09233,9.25,9.25
P09234,1.703,1.703
P09235,9.262,9.262
P09236,8.033,8.033
P09241,3.625,3.625
P09244,8.285,8.285
P09249,3.674,3.674
P09252,1.202,1.202
P09254,0.67,0.67
P09256,5.448,5.448
P09257,1.081,1.081
P09258,5.545,5.545
P09260,9.052,9.052
P09263,1.377,1.377
P09264,6.047,6.047
P09265,0.569,0.569
P09266,6.13,6.13
P09267,3.329,3.329
P09268,9.828,9.828
P09276,8.006,8.006
P09277,3.356,3.356
P09278,0.684,0.684
P09281,7.132,7.132
P09282,6.94,6.94
P09285,9.992,9.992
P09286,2.878,2.878
P09290,3.852,3.852
P09291,5.943,5.943
P09296,3.25,3.25
P09298,2.285,2.285
P09299,0.177,0.177
P09307,0.803,0.803
P09309,1.682,1.682
P09310,5.411,5.411
P09312,2.347,2.347
P09313,0.589,0.589
P09328,2.062,2.062
P09330,6.193,6.193
P09333,3.696,3.696
P09337,5.538,5.538
P09339,7.563,7.563
P09345,8.485,8.485
P09346,8.459,8.459
P09349,6.342,6.342
P09354,7.92,7.92
P09370,1.06,1.06
P09371,1.168,1.168
P09381,5.265,5.265
P09388,0.651,0.651
P09389,4.014,4.014
P09393,2.092,2.092
P09395,1.218,1.218
P09396,9.493,9.493
P09398,5.861,5.861
P09400,9.814,9.814
P09405,9.851,9.851
P09406,1.113,1.113
P09407,3.969,3.969
P09408,3.694,3.694
P09412,2.031,2.031
P09413,1.17,1.17
P09414,0.187,0.187
P09416,7.1,7.1
P09421,0.392,0.392
P09425,8.694,8.694
P09426,1.311,1.311
P09431,1.904,1.904
P09433,2.033,2.033
P09440,2.827,2.827
P09444,1.275,1.275
P09445,1.158,1.158
P09454,5.196,5.196
P09455,5.546,5.546
P09457,6.723,6.723
P09462,6.796,6.796
P09464,0.919,0.919
P09468,9.266,9.266
P09470,0.771,0.771
P09472,3.802,3.802
P09476,7.671,7.671
P09478,7.964,7.964
P09479,0.451,0.451
P09484,3.522,3.522
P09485,0.826,0.826
P09499,9.864,9.864
P09502,0.26,0.26
P09503,8.09,8.09
P09510,1.069,1.069
P09514,7.768,7.768
P09522,0.304,0.304
P09523,1.693,1.693
P09528,8.484,8.484
P09530,0.843,0.843
P09532,5.582,5.582
P09533,4.447,4.447
P09535,5.029,5.029
P09536,4.235,4.235
P09543,0.844,0.844
P09545,8.966,8.966
P09547,6.356,6.356
P09549,0.419,0.419
P09551,2.784,2.784
P09555,5.486,5.486
P09558,4.373,4.373
P09560,0.36,0.36
P09561,0.457,0.457
P09565,3.998,3.998
P09573,5.484,5.484
P09575,0.689,0.689
P09576,2.139,2.139
P09581,7.708,7.708
P09584,7.463,7.463
P09586,8.934,8.934
P09588,1.812,1.812
P09591,2.378,2.378
P09596,3.582,3.582
P09600,1.954,1.954
P09601,5.852,5.852
P09605,9.119,9.119
P09607,2.127,2.127
P09609,7.301,7.301
P09610,6.856,6.856
P09613,2.613,2.613
P09615,6.991,6.991
P09616,1.194,1.194
P09617,2.169,2.169
P09619,9.674,9.674
P09622,3.328,3.328
P09623,2.123,2.123
P09626,2.07,2.07
P09631,9.955,9.955
P09632,7.657,7.657
P09633,6.767,6.767
P09636,9.921,9.921
P09637,2.785,2.785
P09643,1.998,1.998
P09647,5.346,5.346
P09649,3.742,3.742
P09650,0.628,0.628
P09652,5.947,5.947
P09655,8.269,8.269
P09663,0.217,0.217
P09665,8.567,8.567
P09667,4.542,4.542
P09668,8.991,8.991
P09670,0.475,0.475
P09671,0.133,0.133
P09674,0.02,0.02
P09678,9.132,9.132
P09680,4.584,4.584
P09683,2.086,2.086
P09688,6.029,6.029
P09689,6.74,6.74
P09698,9.524,9.524
P09699,9.736,9.736
P09706,6.873,6.873
P09708,3.017,3.017
P09712,1.346,1.346
P09713,6.74,6.74
P09717,4.579,4.579
P09726,3.356,3.356
P09728,4.151,4.151
P09729,1.842,1.842
P09730,4.074,4.074
P09731,4.41,4.41
P09732,2.513,2.513
P09737,2.261,2.261
P09742,0.956,0.956
P09751,2.993,2.993
P09757,1.072,1.072
P09765,9.512,9.512
P09766,8.243,8.243
P09767,5.529,5.529
P09768,8.134,8.134
P09774,4.722,4.722
P09778,1.174,1.174
P09779,7.512,7.512
P09783,9.788,9.788
P09784,0.107,0.107
P09788,6.483,6.483
P09793,0.825,0.825
P09794,9.114,9.114
P09796,6.944,6.944
P09800,8.299,8.299
P09808,3.374,3.374
P09813,3.37,3.37
P09814,6.14,6.14
P09816,6.574,6.574
P09819,5.086,5.086
P09820,9.141,9.141
P09823,0.189,0.189
P09825,7.557,7.557
P09828,6.807,6.807
P09829,9.486,9.486
P09835,0.91,0.91
P09836,1.281,1.281
P09837,0.284,0.284
P09844,3.154,3.154
P09846,2.66,2.66
P09850,2.492,2.492
P09852,5.187,5.187
P09855,9.841,9.841
P09857,6.777,6.777
P09864,8.573,8.573
P09877,6.179,6.179
P09883,5.476,5.476
P09885,9.292,9.292
P09888,1.295,1.295
P09902,8.107,8.107
P09904,2.105,2.105
P09909,7.579,7.579
P09910,1.826,1.826
P09914,9.066,9.066
P09915,5.007,5.007
P09920,0.281,0.281
P09921,6.116,6.116
P09929,5.301,5.301
P09930,3.782,3.782
P09937,8.237,8.237
P09940,9.052,9.052
P09942,8.509,8.509
P09944,4.643,4.643
P09946,1.441,1.441
P09947,4.915,4.915
P09948,0.708,0.708
P09952,2.749,2.749
P09953,9.986,9.986
P09954,8.905,8.905
P09956,9.367,9.367
P09958,9.636,9.636
P09959,7.894,7.894
P09963,1.107,1.107
P09965,5.713,5.713
P09973,1.762,1.762
P09974,1.077,1.077
P09976,4.788,4.788
P09979,4.419,4.419
P09984,2.11,2.11
P09986,6.901,6.901
P09988,0.003,0.003
P09989,3.849,3.849
P09991,1.436,1.436
P00093,572.643,6.3
P00208,192.788,4.979
P00288,216.194,9.466
P00389,70.082,0.865
P00430,51.414,1.629
P00439,40.911,5.393
P00454,67.967,3.131
P00460,54.425,4.614
P00466,75.568,2.592
P00562,69.825,9.196
P00713,67.737,7.233
P00818,45.235,6.848
P00895,55.415,2.806
P00942,53.045,1.262
P00947,64.689,1.195
P00954,64.861,3.421
P00963,63.892,4.567
P01031,64.577,7.01
P01138,11.443,4.154
P01234,25.356,5.897
P01337,17.736,3.941
P01473,34.554,8.134
P01480,31.556,9.667
P01484,12.427,6.119
P01489,16.298,6.205
P01499,18.114,2.684
P01578,21.020,6.532
P01707,24.594,9.603
P01822,26.677,8.436
P01873,33.339,9.834
P01940,16.088,1.305
P01994,11.311,4.843
P01998,21.847,2.786
P02004,19.492,2.219
P02007,8.224,4.92
P02015,24.944,8.738
P02020,19.144,3.734
P02031,25.736,8.547
P02038,18.002,5.531
P02088,24.787,6.47
P02160,11.963,9.551
P02213,31.515,6.353
P02282,16.306,1.385
P02383,23.439,4.701
P02436,25.724,2.4
P02500,18.638,0.598
P02504,32.153,9.729
P02515,10.698,1.132
P02535,13.005,4.284
P02539,23.538,6.995
P02541,20.970,5.454
P02548,13.461,2.131
P02552,19.446,1.048
P02603,18.989,4.725
P02670,22.456,7.669
P02759,10.919,8.069
P02810,16.299,6.064
P02882,16.309,9.808
P02962,11.831,2.504
P03031,16.935,5.753
P03040,22.543,4.094
P03047,28.457,7.786
P03052,21.831,9.552
P03054,25.633,9.175
P03056,16.342,0.766
P03057,25.131,2.367
P03059,17.829,4.967
P03060,11.639,1.197
P03065,17.663,2.326
P03083,14.719,3.753
P03112,25.250,9.717
P03129,15.184,0.754
P03168,25.116,9.35
P03201,19.894,5.135
P03223,19.646,5.789
P03257,14.269,2.13
P03293,25.491,2.567
P03328,20.940,3.765
P00001,49757.288,7.098
P00039,1805.799,2.765
P00132,171.275,3.4
P00225,170.226,9.933
P00325,201.750,3.619
P00408,47.728,8.192
P00431,70.293,6.445
P00442,63.806,0.845
P00455,80.982,6.988
P00461,44.170,0.765
P00480,55.272,4.743
P00617,62.849,1.858
P00746,73.429,6.867
P00836,70.016,5.104
P00937,71.493,7.498
P00945,56.394,0.074
P00948,75.756,8.481
P00955,75.023,6.067
P00964,59.096,0.252
P01064,64.714,0.019
P01160,15.039,2.22
P01273,27.863,5.756
P01389,13.814,6.014
P01478,23.428,9.499
P01481,30.121,4.24
P01486,20.161,6.555
P01490,17.862,2.798
P01513,23.611,5.416
P01638,14.157,0.62
P01744,20.830,6.746
P01836,17.501,5.475
P01908,14.857,4.812
P01968,24.098,5.674
P01997,28.648,1.936
P02001,19.993,8.812
P02005,30.380,5.002
P02011,11.157,0.006
P02018,26.357,6.298
P02021,14.758,0.101
P02037,20.807,5.956
P02061,21.599,3.279
P02134,13.731,0.434
P02185,27.782,6.648
P02248,18.503,5.031
P02326,25.273,2.559
P02403,12.355,5.196
P02464,18.391,3.634
P02503,17.928,0.106
P02514,16.221,5.443
P02521,16.335,1.544
P02536,16.828,5.085
P02540,19.419,5.593
P02543,18.061,2.18
P02551,30.347,4.365
P02574,16.337,0.618
P02628,18.555,5.041
P02714,24.805,9.962
P02775,13.737,3.945
P02844,16.674,5.475
P02923,25.696,5.77
P02999,27.132,8.024
P03037,23.638,9.261
P03045,19.113,7.01
P03048,12.825,3.42
P03053,11.824,7.512
P00073,638.731,1.101
P00149,194.549,2.341
P00256,195.558,4.524
P00358,214.649,6.134
P00427,59.155,9.85
P00436,65.075,9.959
P00444,66.866,8.893
P00458,69.664,6.122
P00465,48.520,1.551
P00514,70.438,6.062
P00652,62.105,2.569
P00781,56.120,7.563
P00868,83.808,4.488
P00941,63.623,2.804
P00946,62.533,5.642
P00949,62.332,5.308
P00958,57.912,8.861
P00988,48.559,1.115
P01109,46.574,4.304
P01215,30.457,7.082
P01312,14.466,8.176
P01425,14.645,1.769
P01479,9.392,1.942
P01483,12.450,2.794
P01487,22.777,8.515
P01496,23.778,7.775
P01556,19.787,0.946
P01668,7.953,1.154
P01775,25.126,2.645
