partsid,totalcfp,cfp
P00004,0.0,7.477
P00005,0.0,3.947
P00007,0.0,7.194
P00012,0.0,3.834
P00013,0.0,4.051
P00016,0.0,2.656
P00019,0.0,4.013
P00022,0.0,7.368
P00027,0.0,1.507
P00028,0.0,0.1
P00031,0.0,4.087
P00034,0.0,1.527
P00037,0.0,4.076
P00044,0.0,2.659
P00051,0.0,2.177
P00052,0.0,3.531
P00054,0.0,8.881
P00055,0.0,0.597
P00060,0.0,1.935
P00062,0.0,7.854
P00063,0.0,8.959
P00064,0.0,6.739
P00069,0.0,2.251
P00071,0.0,6.574
P00072,0.0,5.061
P00074,0.0,2.404
P00079,0.0,6.141
P00080,0.0,1.848
P00081,0.0,8.979
P00084,0.0,9.778
P00088,0.0,6.499
P00092,0.0,9.691
P00094,0.0,4.657
P00099,0.0,6.698
P00101,0.0,0.772
P00104,0.0,5.901
P00105,0.0,7.642
P00108,0.0,6.522
P00110,0.0,1.336
P00113,0.0,7.91
P00118,0.0,1.497
P00121,0.0,1.19
P00123,0.0,1.096
P00124,0.0,6.566
P00126,0.0,1.758
P00128,0.0,6.542
P00133,0.0,3.701
P00147,0.0,5.7
P00152,0.0,3.559
P00153,0.0,8.095
P00155,0.0,0.401
P00156,0.0,0.696
P00159,0.0,2.865
P00160,0.0,4.518
P00163,0.0,7.598
P00164,0.0,2.943
P00165,0.0,6.613
P00168,0.0,4.356
P00169,0.0,8.251
P00171,0.0,5.514
P00172,0.0,0.823
P00174,0.0,5.793
P00178,0.0,5.959
P00179,0.0,0.257
P00180,0.0,5.364
P00181,0.0,7.548
P00183,0.0,9.862
P00186,0.0,4.486
P00191,0.0,3.575
P00194,0.0,6.464
P00196,0.0,9.779
P00198,0.0,5.42
P00203,0.0,2.709
P00207,0.0,5.887
P00214,0.0,4.302
P00216,0.0,7.676
P00217,0.0,4.32
P00218,0.0,7.163
P00219,0.0,0.792
P00235,0.0,7.662
P00236,0.0,0.889
P00237,0.0,7.021
P00238,0.0,7.587
P00244,0.0,5.423
P00246,0.0,2.564
P00250,0.0,2.382
P00253,0.0,2.167
P00255,0.0,3.059
P00260,0.0,2.472
P00261,0.0,5.727
P00263,0.0,5.598
P00264,0.0,6.933
P00268,0.0,5.057
P00272,0.0,3.457
P00273,0.0,9.806
P00280,0.0,7.042
P00284,0.0,0.959
P00285,0.0,3.796
P00286,0.0,3.547
P00292,0.0,5.954
P00298,0.0,2.025
P00300,0.0,7.417
P00303,0.0,1.241
P00305,0.0,7.986
P00306,0.0,1.233
P00307,0.0,5.791
P00310,0.0,5.268
P00311,0.0,6.824
P00313,0.0,3.32
P00316,0.0,1.667
P00317,0.0,1.691
P00318,0.0,8.436
P00326,0.0,3.498
P00333,0.0,1.575
P00336,0.0,6.269
P00337,0.0,6.239
P00343,0.0,4.861
P00344,0.0,1.18
P00348,0.0,9.476
P00351,0.0,6.326
P00355,0.0,3.535
P00356,0.0,3.334
P00360,0.0,9.779
P00363,0.0,8.654
P00365,0.0,1.552
P00367,0.0,5.022
P00374,0.0,4.399
P00377,0.0,8.821
P00384,0.0,1.79
P00386,0.0,3.192
P00387,0.0,5.153
P00388,0.0,8.257
P00392,0.0,2.945
P00397,0.0,8.147
P00400,0.0,0.282
P00405,0.0,1.647
P00411,0.0,1.72
P00421,0.0,0.751
P00424,0.0,7.071
P00428,0.0,4.604
P00432,0.0,8.738
P00433,0.0,9.296
P00434,0.0,7.334
P00447,0.0,3.313
P00450,0.0,8.915
P00451,0.0,6.403
P00452,0.0,3.265
P00456,0.0,8.565
P00457,0.0,8.937
P00459,0.0,0.931
P00464,0.0,6.04
P00473,0.0,0.441
P00474,0.0,6.256
P00482,0.0,4.148
P00483,0.0,8.316
P00484,0.0,6.904
P00488,0.0,5.947
P00489,0.0,2.611
P00493,0.0,2.813
P00494,0.0,2.835
P00497,0.0,1.999
P00506,0.0,8.611
P00508,0.0,1.227
P00510,0.0,7.378
P00515,0.0,8.741
P00521,0.0,0.475
P00524,0.0,9.6
P00526,0.0,0.411
P00534,0.0,5.533
P00539,0.0,0.285
P00540,0.0,8.957
P00543,0.0,7.569
P00544,0.0,6.814
P00545,0.0,3.069
P00548,0.0,1.164
P00552,0.0,3.074
P00553,0.0,2.468
P00555,0.0,0.983
P00556,0.0,4.765
P00558,0.0,5.579
P00560,0.0,7.689
P00561,0.0,4.34
P00566,0.0,4.664
P00568,0.0,5.879
P00570,0.0,9.662
P00571,0.0,0.666
P00572,0.0,4.194
P00573,0.0,7.741
P00574,0.0,6.523
P00577,0.0,6.698
P00583,0.0,9.904
P00584,0.0,0.012
P00588,0.0,7.787
P00589,0.0,6.256
P00592,0.0,2.973
P00594,0.0,4.327
P00595,0.0,9.041
P00597,0.0,7.951
P00599,0.0,8.059
P00603,0.0,2.681
P00604,0.0,8.774
P00605,0.0,9.729
P00606,0.0,1.467
P00608,0.0,1.228
P00612,0.0,3.784
P00620,0.0,4.539
P00624,0.0,0.508
P00626,0.0,4.426
P00628,0.0,8.589
P00635,0.0,7.526
P00636,0.0,5.918
P00642,0.0,5.971
P00644,0.0,7.616
P00645,0.0,3.735
P00647,0.0,2.455
P00648,0.0,9.392
P00650,0.0,8.274
P00651,0.0,5.149
P00653,0.0,3.723
P00654,0.0,6.571
P00655,0.0,2.059
P00659,0.0,1.535
P00663,0.0,2.028
P00664,0.0,1.664
P00665,0.0,4.424
P00666,0.0,3.535
P00667,0.0,6.953
P00669,0.0,6.933
P00671,0.0,3.144
P00672,0.0,6.261
P00673,0.0,0.486
P00674,0.0,0.721
P00676,0.0,1.708
P00679,0.0,8.767
P00682,0.0,2.35
P00683,0.0,3.179
P00688,0.0,7.445
P00689,0.0,1.353
P00692,0.0,2.035
P00693,0.0,9.764
P00694,0.0,8.213
P00698,0.0,4.487
P00701,0.0,7.909
P00703,0.0,2.96
P00704,0.0,7.833
P00707,0.0,1.021
P00708,0.0,9.059
P00712,0.0,4.714
P00718,0.0,8.436
P00722,0.0,7.691
P00724,0.0,1.608
P00728,0.0,3.172
P00737,0.0,4.996
P00745,0.0,8.02
P00753,0.0,2.13
P00761,0.0,0.438
P00762,0.0,2.883
P00768,0.0,4.759
P00769,0.0,8.556
P00770,0.0,0.194
P00776,0.0,9.094
P00778,0.0,3.337
P00779,0.0,1.896
P00786,0.0,2.848
P00790,0.0,2.325
P00794,0.0,4.296
P00796,0.0,2.822
P00797,0.0,6.197
P00800,0.0,0.231
P00802,0.0,6.492
P00805,0.0,1.231
P00808,0.0,0.626
P00810,0.0,9.857
P00812,0.0,3.939
P00813,0.0,0.924
P00817,0.0,0.402
P00822,0.0,0.854
P00825,0.0,6.11
P00832,0.0,4.868
P00837,0.0,6.657
P00839,0.0,5.131
P00842,0.0,8.877
P00843,0.0,3.154
P00847,0.0,3.921
P00856,0.0,6.498
P00857,0.0,8.67
P00859,0.0,1.784
P00863,0.0,6.706
P00867,0.0,2.457
P00874,0.0,7.321
P00875,0.0,8.54
P00879,0.0,5.181
P00881,0.0,9.486
P00883,0.0,7.196
P00889,0.0,9.635
P00894,0.0,2.821
P00896,0.0,9.551
P00898,0.0,9.866
P00900,0.0,9.063
P00903,0.0,4.923
P00906,0.0,1.396
P00908,0.0,8.751
P00911,0.0,6.625
P00912,0.0,0.925
P00913,0.0,7.539
P00917,0.0,5.465
P00923,0.0,6.174
P00926,0.0,4.358
P00927,0.0,3.422
P00929,0.0,0.505
P00930,0.0,0.753
P00931,0.0,2.475
P00932,0.0,8.638
P00933,0.0,4.188
P00936,0.0,0.289
P00938,0.0,9.881
P00952,0.0,7.307
P00956,0.0,2.421
P00957,0.0,4.485
P00959,0.0,4.58
P00961,0.0,1.347
P00962,0.0,1.332
P00965,0.0,6.278
P00968,0.0,5.667
P00970,0.0,6.712
P00971,0.0,2.253
P00975,0.0,7.567
P00976,0.0,2.907
P00978,0.0,8.247
P00979,0.0,8.974
P00981,0.0,0.814
P00982,0.0,9.537
P00985,0.0,6.145
P00986,0.0,2.811
P00987,0.0,5.751
P00989,0.0,2.98
P00991,0.0,3.52
P00993,0.0,5.08
P01004,0.0,6.136
P01006,0.0,6.417
P01008,0.0,5.054
P01010,0.0,5.009
P01011,0.0,3.831
P01017,0.0,6.447
P01021,0.0,9.482
P01024,0.0,7.89
P01026,0.0,8.978
P01027,0.0,5.003
P01028,0.0,9.708
P01029,0.0,9.7
P01032,0.0,7.599
P01033,0.0,3.62
P01035,0.0,9.097
P01036,0.0,7.609
P01037,0.0,3.502
P01038,0.0,9.98
P01044,0.0,8.721
P01045,0.0,6.38
P01047,0.0,0.692
P01050,0.0,5.631
P01051,0.0,5.203
P01057,0.0,2.748
P01061,0.0,7.279
P01062,0.0,6.182
P01067,0.0,3.277
P01068,0.0,4.501
P01075,0.0,5.802
P01079,0.0,4.162
P01080,0.0,8.543
P01081,0.0,5.909
P01086,0.0,7.126
P01090,0.0,8.528
P01091,0.0,0.06
P01092,0.0,5.091
P01094,0.0,8.757
P01096,0.0,6.173
P01097,0.0,7.347
P01098,0.0,9.391
P01100,0.0,1.411
P01101,0.0,3.193
P01105,0.0,6.627
P01106,0.0,2.789
P01108,0.0,8.203
P01117,0.0,2.023
P01122,0.0,2.264
P01123,0.0,7.03
P01124,0.0,0.828
P01126,0.0,5.617
P01127,0.0,9.569
P01131,0.0,2.021
P01132,0.0,7.928
P01134,0.0,4.515
P01139,0.0,1.318
P01141,0.0,2.14
P01143,0.0,6.493
P01149,0.0,5.392
P01150,0.0,6.956
P01155,0.0,5.736
P01156,0.0,1.594
P01158,0.0,7.453
P01162,0.0,9.785
P01163,0.0,6.981
P01164,0.0,7.281
P01166,0.0,7.451
P01168,0.0,5.862
P01171,0.0,4.944
P01172,0.0,3.849
P01174,0.0,1.35
P01177,0.0,2.922
P01181,0.0,7.256
P01183,0.0,0.494
P01193,0.0,2.393
P01195,0.0,5.891
P01196,0.0,3.432
P01206,0.0,0.268
P01207,0.0,7.106
P01208,0.0,3.357
P01211,0.0,6.229
P01213,0.0,0.113
P01218,0.0,7.512
P01225,0.0,9.337
P01226,0.0,9.89
P01231,0.0,2.104
P01232,0.0,4.023
P01233,0.0,0.392
P01239,0.0,7.244
P01240,0.0,5.159
P01243,0.0,3.005
P01246,0.0,3.862
P01252,0.0,3.634
P01253,0.0,2.955
P01255,0.0,9.794
P01264,0.0,2.217
P01265,0.0,8.913
P01268,0.0,3.488
P01270,0.0,9.901
P01271,0.0,1.642
P01272,0.0,3.178
P01274,0.0,1.166
P01278,0.0,3.366
P01279,0.0,3.823
P01280,0.0,1.708
P01282,0.0,2.631
P01285,0.0,7.735
P01289,0.0,6.27
P01293,0.0,2.643
P01294,0.0,7.478
P01295,0.0,2.732
P01299,0.0,0.844
P01301,0.0,0.344
P01302,0.0,0.189
P01306,0.0,9.557
P01308,0.0,3.425
P01309,0.0,4.725
P01310,0.0,4.328
P01320,0.0,6.865
P01322,0.0,0.3
P01326,0.0,4.332
P01327,0.0,8.02
P01328,0.0,9.846
P01335,0.0,0.99
P01340,0.0,9.712
P01343,0.0,9.267
P01353,0.0,6.92
P01354,0.0,6.94
P01357,0.0,2.016
P01362,0.0,8.051
P01365,0.0,9.482
P01366,0.0,3.827
P01375,0.0,7.377
P01377,0.0,5.812
P01379,0.0,0.881
P01380,0.0,6.075
P01381,0.0,2.238
P01391,0.0,1.934
P01397,0.0,4.704
P01401,0.0,9.256
P01402,0.0,9.674
P01403,0.0,5.792
P01404,0.0,0.949
P01410,0.0,0.66
P01417,0.0,8.026
P01420,0.0,7.526
P01421,0.0,6.233
P01426,0.0,3.918
P01431,0.0,0.924
P01432,0.0,7.816
P01434,0.0,2.705
P01435,0.0,7.74
P01438,0.0,4.945
P01440,0.0,6.575
P01442,0.0,0.241
P01443,0.0,4.47
P01447,0.0,2.09
P01448,0.0,1.454
P01449,0.0,4.337
P01450,0.0,0.424
P01451,0.0,3.257
P01454,0.0,2.18
P01455,0.0,4.072
P01456,0.0,2.102
P01458,0.0,6.512
P01459,0.0,3.66
P01469,0.0,4.777
P01474,0.0,2.008
P01488,0.0,9.774
P01492,0.0,6.177
P01493,0.0,5.627
P01494,0.0,6.79
P01495,0.0,6.273
P01498,0.0,5.802
P01501,0.0,1.531
P01502,0.0,6.644
P01503,0.0,0.332
P01506,0.0,5.794
P01511,0.0,1.741
P01516,0.0,5.19
P01517,0.0,2.951
P01521,0.0,0.357
P01522,0.0,7.511
P01523,0.0,3.204
P01526,0.0,5.933
P01529,0.0,3.937
P01533,0.0,3.103
P01536,0.0,1.103
P01537,0.0,9.313
P01538,0.0,0.071
P01541,0.0,0.301
P01544,0.0,2.755
P01545,0.0,9.598
P01546,0.0,4.213
P01555,0.0,4.586
P01558,0.0,0.285
P01560,0.0,3.203
P01563,0.0,7.006
P01564,0.0,8.977
P01571,0.0,3.053
P01581,0.0,2.762
P01587,0.0,9.073
P01588,0.0,4.683
P01593,0.0,7.277
P01596,0.0,1.548
P01602,0.0,7.305
P01603,0.0,3.049
P01605,0.0,0.076
P01606,0.0,0.153
P01608,0.0,7.118
P01614,0.0,4.267
P01615,0.0,2.027
P01617,0.0,3.811
P01621,0.0,3.285
P01622,0.0,3.29
P01623,0.0,3.63
P01625,0.0,6.938
P01627,0.0,8.082
P01628,0.0,1.576
P01629,0.0,7.669
P01632,0.0,9.476
P01633,0.0,3.623
P01634,0.0,2.408
P01639,0.0,1.827
P01640,0.0,9.947
P01643,0.0,9.519
P01645,0.0,9.967
P01646,0.0,4.739
P01652,0.0,2.675
P01655,0.0,2.049
P01656,0.0,1.238
P01658,0.0,8.216
P01659,0.0,3.619
P01662,0.0,7.919
P01667,0.0,8.61
P01673,0.0,9.217
P01677,0.0,8.988
P01678,0.0,4.513
P01679,0.0,9.764
P01680,0.0,8.228
P01684,0.0,6.253
P01687,0.0,1.754
P01689,0.0,2.235
P01692,0.0,1.363
P01696,0.0,8.693
P01698,0.0,5.557
P01702,0.0,2.091
P01703,0.0,0.989
P01704,0.0,9.234
P01706,0.0,3.706
P01709,0.0,0.774
P01712,0.0,0.425
P01715,0.0,2.263
P01719,0.0,8.901
P01725,0.0,0.511
P01726,0.0,9.734
P01729,0.0,2.768
P01735,0.0,0.046
P01742,0.0,3.117
P01745,0.0,6.583
P01746,0.0,2.441
P01753,0.0,7.359
P01754,0.0,4.588
P01756,0.0,8.922
P01757,0.0,1.05
P01758,0.0,5.196
P01759,0.0,8.669
P01764,0.0,0.785
P01767,0.0,5.006
P01768,0.0,3.721
P01769,0.0,3.736
P01770,0.0,8.73
P01772,0.0,4.937
P01774,0.0,2.65
P01776,0.0,8.412
P01777,0.0,0.965
P01779,0.0,4.332
P01780,0.0,5.114
P01781,0.0,5.399
P01785,0.0,5.585
P01790,0.0,3.388
P01795,0.0,3.535
P01800,0.0,2.606
P01801,0.0,0.6
P01803,0.0,1.392
P01810,0.0,7.143
P01812,0.0,7.695
P01818,0.0,0.842
P01819,0.0,5.75
P01821,0.0,9.189
P01827,0.0,6.571
P01828,0.0,1.339
P01829,0.0,1.246
P01834,0.0,2.76
P01840,0.0,4.223
P01841,0.0,6.708
P01844,0.0,9.583
P01849,0.0,9.403
P01850,0.0,1.854
P01856,0.0,8.285
P01859,0.0,7.831
P01862,0.0,5.796
P01865,0.0,1.875
P01867,0.0,7.195
P01869,0.0,3.692
P01871,0.0,4.532
P01875,0.0,1.74
P01881,0.0,7.125
P01882,0.0,0.185
P01887,0.0,7.038
P01892,0.0,4.248
P01898,0.0,5.005
P01899,0.0,6.608
P01901,0.0,4.294
P01902,0.0,9.587
P01906,0.0,4.602
P01907,0.0,1.632
P01909,0.0,0.401
P01912,0.0,4.065
P01921,0.0,2.039
P01925,0.0,0.107
P01927,0.0,5.791
P01932,0.0,0.28
P01936,0.0,8.269
P01937,0.0,0.683
P01938,0.0,2.318
P01953,0.0,9.779
P01955,0.0,3.67
P01956,0.0,7.501
P01957,0.0,8.416
P01964,0.0,2.698
P01965,0.0,2.531
P01974,0.0,4.804
P01976,0.0,8.133
P01978,0.0,8.191
P01984,0.0,8.091
P01989,0.0,9.746
P02000,0.0,0.327
P02003,0.0,3.687
P02006,0.0,4.883
P02008,0.0,2.941
P02009,0.0,5.615
P02010,0.0,9.723
P02016,0.0,4.271
P02017,0.0,7.316
P02022,0.0,1.01
P02025,0.0,1.431
P02026,0.0,6.24
P02027,0.0,6.162
P02028,0.0,0.904
P02029,0.0,9.946
P02030,0.0,7.096
P02032,0.0,9.068
P02034,0.0,3.309
P02035,0.0,4.49
P02036,0.0,7.043
P02039,0.0,0.677
P02040,0.0,2.662
P02041,0.0,1.079
P02042,0.0,3.17
P02045,0.0,2.22
P02046,0.0,5.98
P02052,0.0,2.417
P02056,0.0,1.329
P02062,0.0,2.777
P02064,0.0,2.868
P02069,0.0,8.24
P02070,0.0,3.279
P02075,0.0,4.247
P02078,0.0,2.723
P02079,0.0,2.67
P02081,0.0,5.575
P02084,0.0,5.912
P02085,0.0,1.626
P02089,0.0,3.996
P02091,0.0,0.237
P02095,0.0,3.798
P02101,0.0,8.079
P02102,0.0,3.175
P02103,0.0,2.835
P02104,0.0,5.261
P02106,0.0,9.483
P02115,0.0,0.354
P02124,0.0,7.771
P02127,0.0,4.539
P02128,0.0,9.152
P02130,0.0,0.166
P02131,0.0,2.695
P02138,0.0,6.432
P02139,0.0,4.055
P02140,0.0,3.22
P02141,0.0,0.074
P02143,0.0,2.17
P02144,0.0,4.749
P02146,0.0,4.08
P02150,0.0,5.868
P02154,0.0,5.432
P02159,0.0,1.001
P02171,0.0,7.998
P02172,0.0,5.658
P02175,0.0,5.166
P02178,0.0,0.004
P02181,0.0,6.991
P02182,0.0,3.62
P02183,0.0,3.945
P02184,0.0,0.279
P02188,0.0,1.569
P02189,0.0,6.012
P02195,0.0,8.05
P02196,0.0,0.804
P02197,0.0,1.437
P02205,0.0,3.166
P02207,0.0,2.764
P02210,0.0,0.739
P02214,0.0,8.337
P02218,0.0,9.109
P02220,0.0,5.004
P02221,0.0,9.876
P02222,0.0,2.257
P02226,0.0,8.53
P02227,0.0,3.5
P02230,0.0,6.101
P02233,0.0,0.691
P02237,0.0,7.792
P02241,0.0,9.861
P02242,0.0,1.723
P02243,0.0,5.949
P02245,0.0,9.173
P02247,0.0,3.696
P02251,0.0,6.217
P02255,0.0,6.43
P02257,0.0,0.412
P02261,0.0,6.587
P02262,0.0,9.429
P02264,0.0,1.176
P02265,0.0,9.222
P02267,0.0,7.524
P02276,0.0,9.075
P02277,0.0,8.082
P02281,0.0,5.827
P02283,0.0,4.867
P02286,0.0,7.256
P02287,0.0,8.465
P02288,0.0,2.523
P02289,0.0,1.211
P02291,0.0,0.791
P02295,0.0,0.669
P02297,0.0,1.691
P02300,0.0,1.45
P02301,0.0,5.898
P02303,0.0,0.641
P02304,0.0,9.606
P02306,0.0,7.457
P02313,0.0,6.275
P02314,0.0,8.978
P02320,0.0,1.174
P02325,0.0,1.713
P02331,0.0,9.376
P02332,0.0,8.599
P02335,0.0,3.285
P02336,0.0,2.223
P02338,0.0,6.402
P02341,0.0,7.984
P02343,0.0,2.887
P02345,0.0,0.659
P02352,0.0,0.314
P02354,0.0,2.038
P02355,0.0,6.022
P02358,0.0,6.934
P02359,0.0,5.117
P02365,0.0,6.963
P02366,0.0,7.872
P02368,0.0,7.409
P02369,0.0,6.166
P02373,0.0,3.367
P02379,0.0,0.88
P02389,0.0,7.692
P02391,0.0,7.677
P02392,0.0,9.86
P02394,0.0,2.685
P02396,0.0,5.632
P02399,0.0,1.026
P02401,0.0,7.254
P02404,0.0,2.99
P02405,0.0,0.6
P02406,0.0,3.483
P02413,0.0,6.084
P02422,0.0,1.469
P02423,0.0,4.971
P02426,0.0,1.519
P02429,0.0,1.112
P02439,0.0,2.979
P02440,0.0,5.685
P02441,0.0,2.402
P02442,0.0,8.729
P02443,0.0,7.024
P02444,0.0,4.685
P02445,0.0,6.523
P02449,0.0,3.194
P02458,0.0,3.381
P02459,0.0,7.169
P02463,0.0,3.327
P02465,0.0,5.217
P02467,0.0,9.227
P02468,0.0,3.708
P02470,0.0,0.038
P02471,0.0,5.253
P02473,0.0,5.027
P02475,0.0,3.137
P02476,0.0,3.521
P02477,0.0,2.418
P02483,0.0,6.216
P02485,0.0,2.19
P02486,0.0,8.097
P02487,0.0,3.328
P02489,0.0,7.169
P02490,0.0,1.309
P02492,0.0,0.578
P02495,0.0,1.348
P02498,0.0,2.275
P02509,0.0,3.511
P02511,0.0,9.666
P02512,0.0,5.357
P02522,0.0,8.191
P02525,0.0,2.95
P02526,0.0,8.479
P02534,0.0,1.705
P02537,0.0,8.248
P02542,0.0,6.639
P02545,0.0,4.376
P02546,0.0,5.195
P02547,0.0,1.855
P02550,0.0,5.747
P02553,0.0,5.411
P02557,0.0,3.901
P02561,0.0,7.062
P02565,0.0,4.065
P02568,0.0,2.276
P02569,0.0,9.144
P02571,0.0,1.77
P02576,0.0,9.429
P02577,0.0,7.996
P02581,0.0,8.425
P02582,0.0,9.793
P02593,0.0,4.279
P02594,0.0,7.236
P02597,0.0,9.73
P02598,0.0,9.068
P02599,0.0,2.946
P02602,0.0,8.977
P02604,0.0,7.645
P02609,0.0,9.1
P02611,0.0,3.889
P02614,0.0,8.948
P02620,0.0,6.506
P02623,0.0,2.718
P02627,0.0,7.859
P02629,0.0,3.948
P02631,0.0,7.215
P02636,0.0,0.828
P02638,0.0,4.906
P02647,0.0,3.645
P02649,0.0,4.856
P02650,0.0,1.001
P02651,0.0,8.709
P02652,0.0,2.656
P02659,0.0,1.951
P02662,0.0,3.989
P02664,0.0,2.192
P02665,0.0,6.459
P02667,0.0,8.045
P02668,0.0,4.841
P02671,0.0,3.537
P02672,0.0,0.178
P02673,0.0,4.124
P02677,0.0,2.559
P02678,0.0,1.996
P02686,0.0,4.744
P02689,0.0,0.831
P02692,0.0,3.758
P02693,0.0,9.345
P02695,0.0,7.545
P02698,0.0,3.633
P02700,0.0,9.907
P02710,0.0,6.986
P02716,0.0,9.638
P02721,0.0,3.609
P02722,0.0,8.765
P02725,0.0,1.172
P02726,0.0,6.443
P02727,0.0,9.007
P02730,0.0,6.398
P02733,0.0,4.199
P02735,0.0,7.039
P02737,0.0,0.47
P02739,0.0,6.642
P02742,0.0,9.11
P02749,0.0,3.3
P02750,0.0,2.607
P02752,0.0,2.152
P02753,0.0,9.948
P02755,0.0,1.311
P02765,0.0,8.037
P02766,0.0,7.555
P02772,0.0,7.669
P02776,0.0,2.179
P02779,0.0,6.253
P02782,0.0,1.231
P02789,0.0,8.402
P02792,0.0,6.665
P02794,0.0,1.716
P02795,0.0,3.426
P02797,0.0,0.138
P02798,0.0,2.575
P02800,0.0,0.165
P02801,0.0,6.569
P02805,0.0,6.942
P02807,0.0,8.465
P02809,0.0,9.676
P02811,0.0,7.416
P02817,0.0,4.456
P02818,0.0,8.579
P02820,0.0,5.853
P02826,0.0,2.612
P02828,0.0,2.404
P02832,0.0,9.431
P02835,0.0,1.678
P02839,0.0,3.009
P02840,0.0,9.224
P02841,0.0,2.636
P02842,0.0,0.5
P02847,0.0,6.818
P02851,0.0,4.334
P02854,0.0,6.449
P02861,0.0,6.559
P02864,0.0,1.068
P02865,0.0,4.443
P02869,0.0,5.122
P02873,0.0,1.86
P02874,0.0,6.624
P02876,0.0,4.288
P02877,0.0,7.072
P02883,0.0,5.704
P02886,0.0,8.532
P02888,0.0,1.133
P02897,0.0,8.148
P02899,0.0,6.515
P02900,0.0,9.148
P02901,0.0,1.309
P02903,0.0,7.542
P02907,0.0,3.592
P02910,0.0,4.11
P02911,0.0,6.716
P02912,0.0,8.531
P02913,0.0,6.454
P02915,0.0,8.959
P02917,0.0,5.051
P02919,0.0,7.304
P02920,0.0,2.018
P02921,0.0,4.066
P02922,0.0,3.694
P02926,0.0,7.169
P02932,0.0,6.672
P02934,0.0,1.421
P02935,0.0,3.346
P02936,0.0,8.158
P02939,0.0,4.478
P02940,0.0,9.412
P02941,0.0,5.374
P02942,0.0,6.895
P02947,0.0,6.591
P02948,0.0,4.429
P02952,0.0,2.512
P02953,0.0,8.786
P02954,0.0,4.16
P02955,0.0,8.579
P02956,0.0,8.434
P02960,0.0,3.489
P02963,0.0,9.984
P02965,0.0,0.869
P02966,0.0,6.055
P02968,0.0,7.836
P02971,0.0,3.674
P02973,0.0,0.612
P02978,0.0,2.084
P02980,0.0,4.701
P02983,0.0,0.738
P02987,0.0,2.033
P02991,0.0,8.676
P02992,0.0,8.447
P02994,0.0,3.472
P02998,0.0,5.92
P03003,0.0,6.542
P03004,0.0,5.597
P03006,0.0,0.252
P03007,0.0,0.089
P03008,0.0,8.831
P03015,0.0,7.573
P03020,0.0,5.432
P03021,0.0,7.445
P03022,0.0,8.998
P03026,0.0,8.964
P03036,0.0,1.461
P03038,0.0,2.001
P03042,0.0,6.719
P03043,0.0,1.65
P03046,0.0,1.806
P03051,0.0,1.295
P03055,0.0,5.881
P03058,0.0,6.906
P03061,0.0,5.318
P03062,0.0,9.134
P03063,0.0,3.29
P03068,0.0,5.617
P03069,0.0,6.849
P03072,0.0,7.153
P03073,0.0,8.183
P03089,0.0,4.537
P03092,0.0,3.198
P03094,0.0,2.422
P03096,0.0,9.286
P03099,0.0,9.173
P03102,0.0,6.566
P03107,0.0,0.009
P03108,0.0,1.574
P03111,0.0,2.58
P03113,0.0,2.33
P03118,0.0,8.336
P03134,0.0,6.804
P03136,0.0,8.407
P03139,0.0,8.27
P03142,0.0,1.67
P03143,0.0,2.093
P03144,0.0,9.481
P03146,0.0,4.678
P03152,0.0,4.576
P03157,0.0,1.139
P03166,0.0,1.765
P03169,0.0,7.497
P03172,0.0,4.606
P03176,0.0,9.802
P03180,0.0,7.439
P03184,0.0,5.041
P03185,0.0,7.577
P03187,0.0,8.813
P03188,0.0,4.192
P03189,0.0,7.991
P03190,0.0,5.118
P03192,0.0,5.759
P03194,0.0,7.75
P03195,0.0,8.688
P03199,0.0,8.766
P03207,0.0,7.792
P03209,0.0,3.844
P03212,0.0,6.562
P03221,0.0,0.352
P03231,0.0,3.66
P03232,0.0,6.128
P03234,0.0,7.633
P03236,0.0,7.581
P03237,0.0,1.565
P03238,0.0,2.274
P03240,0.0,5.985
P03241,0.0,3.447
P03243,0.0,7.901
P03246,0.0,0.804
P03248,0.0,1.628
P03250,0.0,5.148
P03253,0.0,3.139
P03255,0.0,5.466
P03258,0.0,2.918
P03260,0.0,5.913
P03264,0.0,6.902
P03270,0.0,5.912
P03271,0.0,7.174
P03277,0.0,7.902
P03281,0.0,2.556
P03285,0.0,3.359
P03287,0.0,7.369
P03290,0.0,5.28
P03292,0.0,3.868
P03295,0.0,6.773
P03299,0.0,3.429
P03300,0.0,3.894
P03302,0.0,9.163
P03308,0.0,9.844
P03309,0.0,0.358
P03310,0.0,2.895
P03312,0.0,2.368
P03313,0.0,9.679
P03316,0.0,1.738
P03317,0.0,6.434
P03320,0.0,9.511
P03321,0.0,2.425
P03326,0.0,2.794
P03327,0.0,3.162
P03329,0.0,8.934
P03330,0.0,0.763
P03337,1.248,1.248
P03339,9.548,9.548
P03342,7.067,7.067
P03343,8.602,8.602
P03346,1.482,1.482
P03348,9.957,9.957
P03349,4.641,4.641
P03354,1.367,1.367
P03355,2.065,2.065
P03356,9.937,9.937
P03357,7.681,7.681
P03359,5.254,5.254
P03362,1.938,1.938
P03364,3.429,3.429
P03371,6.397,6.397
P03372,8.146,8.146
P03375,8.803,8.803
P03384,2.857,2.857
P03386,7.082,7.082
P03387,3.736,3.736
P03394,7.646,7.646
P03396,4.701,4.701
P03399,0.479,0.479
P03400,1.025,1.025
P03403,1.798,1.798
P03404,7.862,7.862
P03405,0.643,0.643
P03408,8.406,8.406
P03411,1.576,1.576
P03415,3.092,3.092
P03417,4.855,4.855
P03418,5.244,5.244
P03422,1.619,1.619
P03423,4.316,4.316
P03425,1.781,1.781
P03429,3.883,3.883
P03435,8.955,8.955
P03438,2.213,2.213
P03441,6.142,6.142
P03443,2.268,2.268
P03445,2.366,2.366
P03446,9.703,9.703
P03447,3.508,3.508
P03449,2.045,2.045
P03452,7.947,7.947
P03454,0.657,0.657
P03455,3.373,3.373
P03457,4.4,4.4
P03459,3.73,3.73
P03462,6.472,6.472
P03469,5.714,5.714
P03470,4.796,4.796
P03473,4.334,4.334
P03474,0.322,0.322
P03475,0.1,0.1
P03478,2.565,2.565
P03480,7.608,7.608
P03484,4.162,4.162
P03485,8.664,8.664
P03500,8.256,8.256
P03501,3.294,3.294
P03502,9.953,9.953
P03503,4.338,4.338
P03506,1.458,1.458
P03507,3.052,3.052
P03509,2.95,2.95
P03510,6.953,6.953
P03514,3.49,3.49
P03515,2.49,2.49
P03516,8.63,8.63
P03518,1.842,1.842
P03519,5.926,5.926
P03522,4.96,4.96
P03526,5.343,5.343
P03543,0.827,0.827
P03546,0.937,0.937
P03552,9.252,9.252
P03556,6.224,6.224
P03558,0.965,0.965
P03562,3.149,3.149
P03563,4.906,4.906
P03568,9.114,9.114
P03572,2.65,2.65
P03574,3.716,3.716
P03575,1.372,1.372
P03576,2.957,2.957
P03577,7.548,7.548
P03578,4.016,4.016
P03582,5.053,5.053
P03583,9.198,9.198
P03584,7.906,7.906
P03585,2.892,2.892
P03588,3.572,3.572
P03591,5.183,5.183
P03596,1.553,1.553
P03597,3.339,3.339
P03601,3.061,3.061
P03604,9.337,9.337
P03606,4.88,4.88
P03607,0.28,0.28
P03615,6.561,6.561
P03616,2.36,2.36
P03617,0.914,0.914
P03622,2.635,2.635
P03628,8.765,8.765
P03629,4.354,4.354
P03633,4.255,4.255
P03634,0.49,0.49
P03638,1.215,1.215
P03640,0.582,0.582
P03643,8.818,8.818
P03645,8.079,8.079
P03648,8.853,8.853
P03650,9.844,9.844
P03652,6.561,6.561
P03655,1.564,1.564
P03656,5.856,5.856
P03660,6.737,6.737
P03667,9.399,9.399
P03672,2.08,2.08
P03674,3.763,3.763
P03678,0.551,0.551
P03679,9.891,9.891
P03684,0.52,0.52
P03688,7.366,7.366
P03696,9.862,9.862
P03701,7.366,7.366
P03703,3.768,3.768
P03716,3.068,3.068
P03717,1.114,1.114
P03719,4.772,4.772
P03721,3.993,3.993
P03722,9.76,9.76
P03728,4.45,4.45
P03730,5.251,5.251
P03732,0.917,0.917
P03733,9.621,9.621
P03736,3.659,3.659
P03738,0.974,0.974
P03739,3.744,3.744
P03740,8.14,8.14
P03743,4.634,4.634
P03744,9.828,9.828
P03745,5.16,5.16
P03748,3.393,3.393
P03751,2.677,2.677
P03753,0.977,0.977
P03755,4.73,4.73
P03756,8.9,8.9
P03758,9.395,9.395
P03759,3.955,3.955
P03761,3.281,3.281
P03762,6.996,6.996
P03765,4.811,4.811
P03767,2.876,2.876
P03771,6.986,6.986
P03772,5.17,5.17
P03775,5.956,5.956
P03778,8.484,8.484
P03779,5.451,5.451
P03786,6.742,6.742
P03790,8.67,8.67
P03795,8.788,8.788
P03798,8.244,8.244
P03804,6.077,6.077
P03805,4.941,4.941
P03812,9.323,9.323
P03815,6.553,6.553
P03817,0.443,0.443
P03821,6.974,6.974
P03822,4.727,4.727
P03828,7.069,7.069
P03834,2.552,2.552
P03837,0.435,0.435
P03840,5.756,5.756
P03841,2.129,2.129
P03845,2.773,2.773
P03847,6.208,6.208
P03848,1.08,1.08
P03854,3.491,3.491
P03857,0.388,0.388
P03862,3.005,3.005
P03866,0.958,0.958
P03868,6.211,6.211
P03871,3.09,3.09
P03875,6.584,6.584
P03876,5.334,5.334
P03878,7.537,7.537
P03880,4.614,4.614
P03888,0.459,0.459
P03889,8.275,8.275
P03891,1.414,1.414
P03894,5.565,5.565
P03898,4.317,4.317
P03899,3.548,3.548
P03903,6.098,6.098
P03906,0.211,0.211
P03913,4.387,4.387
P03919,7.322,7.322
P03920,2.39,2.39
P03923,6.786,6.786
P03928,1.56,1.56
P03929,8.881,8.881
P03930,8.441,8.441
P03931,5.196,5.196
P03932,0.952,0.952
P03935,2.029,2.029
P03939,8.119,8.119
P03944,9.214,9.214
P03948,0.482,0.482
P03951,9.423,9.423
P03952,1.433,1.433
P03955,1.595,1.595
P03960,9.236,9.236
P03962,2.358,2.358
P03964,6.947,6.947
P03965,0.132,0.132
P03967,8.546,8.546
P03968,0.356,0.356
P03969,4.215,4.215
P03971,6.769,6.769
P03976,2.655,2.655
P03977,3.243,3.243
P03978,4.639,4.639
P03980,0.644,0.644
P03981,4.842,4.842
P03982,9.366,9.366
P03987,7.679,7.679
P03990,7.444,7.444
P03998,5.545,5.545
P03999,9.266,9.266
P04001,2.213,2.213
P04004,8.637,8.637
P04012,0.82,0.82
P04016,5.096,5.096
P04017,0.51,0.51
P04025,8.034,8.034
P04030,3.505,3.505
P04036,4.924,4.924
P04037,6.699,6.699
P04038,8.6,8.6
P04039,7.596,7.596
P04040,6.075,6.075
P04041,2.414,2.414
P04043,1.084,1.084
P04048,7.223,7.223
P04049,8.816,8.816
P04051,1.605,1.605
P04052,2.666,2.666
P04053,0.143,0.143
P04054,8.917,8.917
P04055,9.101,9.101
P04056,1.072,1.072
P04057,1.027,1.027
P04063,7.198,7.198
P04065,6.573,6.573
P04068,7.348,7.348
P04074,8.422,8.422
P04076,1.818,1.818
P04077,8.51,8.51
P04079,0.441,0.441
P04084,8.38,8.38
P04086,2.227,2.227
P04089,6.565,6.565
P04090,6.681,6.681
P04092,6.453,6.453
P04094,4.706,4.706
P04096,7.771,7.771
P04100,3.335,3.335
P04106,6.262,6.262
P04107,3.688,3.688
P04108,6.825,6.825
P04109,1.769,1.769
P04113,6.438,6.438
P04117,1.281,1.281
P04118,6.244,6.244
P04126,4.356,4.356
P04127,6.91,6.91
P04129,6.321,6.321
P04130,1.526,1.526
P04131,1.351,1.351
P04133,1.354,1.354
P04137,0.697,0.697
P04139,5.494,5.494
P04141,6.683,6.683
P04142,3.789,3.789
P04144,6.85,6.85
P04145,4.702,4.702
P04148,5.925,5.925
P04154,3.134,3.134
P04155,6.164,6.164
P04156,8.623,8.623
P04157,7.852,7.852
P04160,0.578,0.578
P04161,1.216,1.216
P04162,4.313,4.313
P04164,0.762,0.762
P04168,1.511,1.511
P04172,4.539,4.539
P04174,6.805,6.805
P04182,1.323,1.323
P04187,3.051,3.051
P04188,3.717,3.717
P04190,8.961,8.961
P04195,6.946,6.946
P04196,7.809,7.809
P04203,0.879,0.879
P04204,6.021,6.021
P04207,0.008,0.008
P04211,8.188,8.188
P04214,7.276,7.276
P04215,1.007,1.007
P04217,4.594,4.594
P04219,3.825,3.825
P04226,7.197,7.197
P04229,2.543,2.543
P04232,2.232,2.232
P04233,7.584,7.584
P04234,8.545,8.545
P04236,1.168,1.168
P04238,3.641,3.641
P04242,2.828,2.828
P04246,8.163,8.163
P04249,8.802,8.802
P04254,6.902,6.902
P04262,7.824,7.824
P04263,9.503,9.503
P04270,7.407,7.407
P04277,3.966,3.966
P04278,7.632,7.632
P04280,1.178,1.178
P04286,1.322,1.322
P04289,0.182,0.182
P04290,8.573,8.573
P04291,3.621,3.621
P04292,6.398,6.398
P04294,3.987,3.987
P04296,0.034,0.034
P04299,9.97,9.97
P04308,1.061,1.061
P04311,4.436,4.436
P04313,4.604,4.604
P04314,6.523,6.523
P04315,3.626,3.626
P04324,3.425,3.425
P04327,5.479,5.479
P04333,7.597,7.597
P04334,0.532,0.532
P04336,1.804,1.804
P04339,7.932,7.932
P04340,7.044,7.044
P04341,9.989,9.989
P04342,4.886,4.886
P04343,3.03,3.03
P04344,2.374,2.374
P04345,2.431,2.431
P04346,3.197,3.197
P04350,6.761,6.761
P04351,8.04,8.04
P04353,6.947,6.947
P04354,0.949,0.949
P04359,1.612,1.612
P04368,0.912,0.912
P04369,1.655,1.655
P04375,5.112,5.112
P04380,9.18,9.18
P04381,1.728,1.728
P04384,3.468,3.468
P04386,5.704,5.704
P04389,4.291,4.291
P04390,5.817,5.817
P04391,2.915,2.915
P04392,0.267,0.267
P04395,9.045,9.045
P04398,1.402,1.402
P04399,1.906,1.906
P04400,9.817,9.817
P04401,8.723,8.723
P04403,8.849,8.849
P04406,5.23,5.23
P04412,4.081,4.081
P04413,2.883,2.883
P04414,9.698,9.698
P04417,7.821,7.821
P04421,6.119,6.119
P04423,8.307,8.307
P04426,7.573,7.573
P04428,4.881,4.881
P04429,3.843,3.843
P04432,2.067,2.067
P04436,2.228,2.228
P04440,9.72,9.72
P04444,7.795,7.795
P04449,4.156,4.156
P04453,3.159,3.159
P04460,5.26,5.26
P04463,6.852,6.852
P04464,7.856,7.856
P04465,3.4,3.4
P04466,9.214,9.214
P04467,0.3,0.3
P04470,5.067,5.067
P04475,9.227,9.227
P04476,8.158,8.158
P04480,3.123,3.123
P04481,7.832,7.832
P04482,9.575,9.575
P04484,1.622,1.622
P04487,3.122,3.122
P04494,6.931,6.931
P04495,4.895,4.895
P04499,2.461,2.461
P04501,0.86,0.86
P04504,4.055,4.055
P04505,8.887,8.887
P04506,0.86,0.86
P04508,8.209,8.209
P04513,2.533,2.533
P04520,5.445,5.445
P04522,0.174,0.174
P04524,6.997,6.997
P04528,6.168,6.168
P04538,8.399,8.399
P04545,9.817,9.817
P04546,0.918,0.918
P04547,2.95,2.95
P04549,3.497,3.497
P04559,4.102,4.102
P04560,0.845,0.845
P04562,5.579,5.579
P04565,3.164,3.164
P04567,8.666,8.666
P04569,8.381,8.381
P04573,0.278,0.278
P04579,9.997,9.997
P04580,7.809,7.809
P04582,9.298,9.298
P04583,1.624,1.624
P04585,9.781,9.781
P04586,4.666,4.666
P04587,5.395,5.395
P04588,8.904,8.904
P04590,3.03,3.03
P04591,1.697,1.697
P04592,9.891,9.891
P04595,7.464,7.464
P04598,0.139,0.139
P04603,2.956,2.956
P04611,3.742,3.742
P04612,8.335,8.335
P04617,9.2,9.2
P04621,7.507,7.507
P04624,7.94,7.94
P04631,3.873,3.873
P04632,4.951,4.951
P04635,0.162,0.162
P04636,6.106,6.106
P04637,9.813,9.813
P04638,8.779,8.779
P04641,6.579,6.579
P04652,2.351,2.351
P04654,5.384,5.384
P04655,0.322,0.322
P04660,8.025,8.025
P04663,3.778,3.778
P04670,3.336,3.336
P04673,8.605,8.605
P04679,1.57,1.57
P04680,4.459,4.459
P04683,6.469,6.469
P04687,2.973,2.973
P04691,7.789,7.789
P04692,6.382,6.382
P04694,2.375,2.375
P04697,6.467,6.467
P04698,9.092,9.092
P04701,8.973,8.973
P04702,2.796,2.796
P04709,2.235,2.235
P04713,9.989,9.989
P04714,1.757,1.757
P04715,9.477,9.477
P04718,0.316,0.316
P04725,2.123,2.123
P04735,4.104,4.104
P04738,2.075,2.075
P04739,7.861,7.861
P04740,0.789,0.789
P04741,3.3,3.3
P04744,4.334,4.334
P04745,7.146,7.146
P04747,5.927,5.927
P04748,1.824,1.824
P04749,9.827,9.827
P04750,5.334,5.334
P04753,8.726,8.726
P04755,3.911,3.911
P04756,8.201,8.201
P04761,3.843,3.843
P04765,9.139,9.139
P04767,1.866,1.866
P04774,5.427,5.427
P04776,4.203,4.203
P04783,4.85,4.85
P04787,5.054,5.054
P04793,7.077,7.077
P04796,3.92,3.92
P04797,4.326,4.326
P04799,9.887,9.887
P04801,0.861,0.861
P04803,4.805,4.805
P04804,4.304,4.304
P04806,4.971,4.971
P04807,0.21,0.21
P04808,6.13,6.13
P04810,0.986,0.986
P04812,9.242,9.242
P04815,6.525,6.525
P04817,3.966,3.966
P04824,1.399,1.399
P04826,2.351,2.351
P04832,4.949,4.949
P04834,8.594,8.594
P04836,2.338,2.338
P04837,0.698,0.698
P04851,3.96,3.96
P04853,1.048,1.048
P04854,3.002,3.002
P04855,4.515,4.515
P04857,7.252,7.252
P04859,8.983,8.983
P04861,9.406,9.406
P04862,1.192,1.192
P04873,4.635,4.635
P04878,4.48,4.48
P04880,3.313,3.313
P04881,3.328,3.328
P04884,7.322,7.322
P04898,5.715,5.715
P04899,6.742,6.742
P04905,9.571,9.571
P04906,5.601,5.601
P04907,7.03,7.03
P04909,6.7,6.7
P04911,1.94,1.94
P04913,1.082,1.082
P04916,2.404,2.404
P04917,5.834,5.834
P04921,7.856,7.856
P04922,2.939,2.939
P04924,1.685,1.685
P04925,3.596,3.596
P04929,8.318,8.318
P04930,9.319,9.319
P04933,7.944,7.944
P04935,9.211,9.211
P04939,1.539,1.539
P04942,1.978,1.978
P04943,2.074,2.074
P04944,0.268,0.268
P04949,1.029,1.029
P04951,1.289,1.289
P04953,1.961,1.961
P04957,7.397,7.397
P04963,2.411,2.411
P04966,5.897,5.897
P04968,1.995,1.995
P04970,3.698,3.698
P04971,9.742,9.742
P04972,7.175,7.175
P04978,4.52,4.52
P04979,3.112,3.112
P04980,1.948,1.948
P04982,8.747,8.747
P04986,6.116,6.116
P04987,4.046,4.046
P04989,0.82,0.82
P04992,0.388,0.388
P04998,4.158,4.158
P05000,1.47,1.47
P05002,4.973,4.973
P05004,0.033,0.033
P05006,1.955,1.955
P05007,5.276,5.276
P05008,8.875,8.875
P05010,9.21,9.21
P05011,3.221,3.221
P05012,6.474,6.474
P05016,3.99,3.99
P05017,0.98,0.98
P05018,9.496,9.496
P05019,0.454,0.454
P05020,6.423,6.423
P05022,4.43,4.43
P05024,0.163,0.163
P05025,5.597,5.597
P05029,0.049,0.049
P05032,5.067,5.067
P05033,6.591,6.591
P05035,3.432,3.432
P05036,6.196,6.196
P05044,2.403,2.403
P05045,0.762,0.762
P05050,0.306,0.306
P05053,7.121,7.121
P05058,1.463,1.463
P05063,3.9,3.9
P05064,2.878,2.878
P05071,3.384,3.384
P05072,4.082,4.082
P05074,6.775,6.775
P05075,7.526,7.526
P05077,7.901,7.901
P05081,0.617,0.617
P05084,1.89,1.89
P05087,2.831,2.831
P05093,5.838,5.838
P05097,7.832,7.832
P05098,1.872,1.872
P05102,5.251,5.251
P05103,4.015,4.015
P05105,7.82,7.82
P05106,0.278,0.278
P05110,0.729,0.729
P05112,4.413,4.413
P05113,4.441,4.441
P05114,0.359,0.359
P05115,7.498,7.498
P05118,6.781,6.781
P05119,8.83,8.83
P05120,7.161,7.161
P05121,5.004,5.004
P05123,5.694,5.694
P05126,1.157,1.157
P05132,6.616,6.616
P05136,1.492,1.492
P05137,8.568,8.568
P05138,5.659,5.659
P05140,9.937,9.937
P05141,2.083,2.083
P05144,1.842,1.842
P05145,8.376,8.376
P05146,0.381,0.381
P05154,0.578,0.578
P05158,2.319,2.319
P05162,0.335,0.335
P05165,6.472,6.472
P05166,1.802,1.802
P05171,9.088,9.088
P05176,2.944,2.944
P05179,5.594,5.594
P05182,4.417,4.417
P05189,4.975,4.975
P05190,4.636,4.636
P05191,2.702,2.702
P05193,7.235,7.235
P05194,2.085,2.085
P05196,1.773,1.773
P05201,1.377,1.377
P05203,3.834,3.834
P05205,1.505,1.505
P05213,5.103,5.103
P05215,7.654,7.654
P05219,6.881,6.881
P05228,3.329,3.329
P05230,1.336,1.336
P05231,6.46,6.46
P05234,0.027,0.027
P05235,4.517,4.517
P05236,3.35,3.35
P05237,0.626,0.626
P05238,7.045,7.045
P05239,6.158,6.158
P05241,3.752,3.752
P05242,1.375,1.375
P05243,0.304,0.304
P05244,8.995,8.995
P05246,2.141,2.141
P05247,0.865,0.865
P05249,5.253,5.253
P05250,4.304,4.304
P05252,2.546,2.546
P05261,9.99,9.99
P05266,6.587,6.587
P05268,6.578,6.578
P05269,1.708,1.708
P05270,8.166,8.166
P05271,4.554,4.554
P05274,5.888,5.888
P05278,1.371,1.371
P05283,9.253,9.253
P05287,4.192,4.192
P05291,9.766,9.766
P05295,6.274,6.274
P05301,7.659,7.659
P05302,3.937,3.937
P05318,7.5,7.5
P05319,8.266,8.266
P05320,0.547,0.547
P05321,8.753,8.753
P05333,5.833,5.833
P05335,9.02,9.02
P05336,9.788,9.788
P05337,6.345,6.345
P05340,3.187,3.187
P05345,0.36,0.36
P05347,8.424,8.424
P05352,7.888,7.888
P05358,4.326,4.326
P05360,8.12,8.12
P05363,4.296,4.296
P05364,7.537,7.537
P05366,3.168,3.168
P05368,9.235,9.235
P05369,7.637,7.637
P05371,8.996,8.996
P05372,4.637,4.637
P05374,3.939,3.939
P05379,6.284,6.284
P05381,9.486,9.486
P05382,1.773,1.773
P05387,2.765,2.765
P05391,8.357,8.357
P05393,5.838,5.838
P05396,7.752,7.752
P05398,8.988,8.988
P05399,7.436,7.436
P05400,2.663,2.663
P05401,5.38,5.38
P05402,6.26,6.26
P05403,0.635,0.635
P05409,7.301,7.301
P05410,2.322,2.322
P05414,2.67,2.67
P05419,5.623,5.623
P05421,9.723,9.723
P05424,4.204,4.204
P05425,5.692,5.692
P05427,0.647,0.647
P05428,9.739,9.739
P05442,2.004,2.004
P05446,0.502,0.502
P05449,7.205,7.205
P05451,6.271,6.271
P05452,4.227,4.227
P05457,9.368,9.368
P05459,5.16,5.16
P05461,6.25,6.25
P05463,1.57,1.57
P05465,2.551,2.551
P05473,6.208,6.208
P05477,7.818,7.818
P05478,0.816,0.816
P05481,4.828,4.828
P05484,4.463,4.463
P05488,7.263,7.263
P05489,8.932,8.932
P05490,7.561,7.561
P05492,4.102,4.102
P05494,0.875,0.875
P05497,3.065,3.065
P05502,3.444,3.444
P05503,9.286,9.286
P05505,2.555,2.555
P05506,2.123,2.123
P05514,3.553,3.553
P05516,0.253,0.253
P05520,0.845,0.845
P05522,3.129,3.129
P05523,8.957,8.957
P05529,2.974,2.974
P05532,0.44,0.44
P05536,2.343,2.343
P05537,5.105,5.105
P05541,5.025,5.025
P05547,1.424,1.424
P05550,1.963,1.963
P05555,4.107,4.107
P05558,1.926,1.926
P05559,7.154,7.154
P05560,0.287,0.287
P05564,2.43,2.43
P05568,9.024,9.024
P05575,1.013,1.013
P05577,1.506,1.506
P05582,8.781,8.781
P05584,4.323,4.323
P05588,8.672,8.672
P05596,8.541,8.541
P05598,0.305,0.305
P05601,1.778,1.778
P05602,4.925,4.925
P05607,1.011,1.011
P05611,1.263,1.263
P05613,8.877,8.877
P05615,0.215,0.215
P05618,7.866,7.866
P05619,8.805,8.805
P05621,9.095,9.095
P05622,3.402,3.402
P05626,3.116,3.116
P05630,5.563,5.563
P05633,7.572,7.572
P05635,4.383,4.383
P05641,0.553,0.553
P05643,1.058,1.058
P05646,9.544,9.544
P05647,1.708,1.708
P05649,0.098,0.098
P05650,8.465,8.465
P05653,2.929,2.929
P05658,7.453,7.453
P05661,6.351,6.351
P05662,4.45,4.45
P05663,4.08,4.08
P05667,0.476,0.476
P05668,6.576,6.576
P05669,2.157,2.157
P05672,3.419,3.419
P05673,1.048,1.048
P05676,6.943,6.943
P05678,1.366,1.366
P05681,9.28,9.28
P05682,2.407,2.407
P05685,2.374,2.374
P05686,6.74,6.74
P05688,9.924,9.924
P05703,0.825,0.825
P05705,7.442,7.442
P05710,5.009,5.009
P05711,7.919,7.919
P05713,3.388,3.388
P05720,3.391,3.391
P05729,9.267,9.267
P05730,0.086,0.086
P05732,0.963,0.963
P05733,7.116,7.116
P05734,9.373,9.373
P05738,9.517,9.517
P05739,5.329,5.329
P05740,4.961,4.961
P05742,0.463,0.463
P05743,3.471,3.471
P05745,2.501,2.501
P05746,0.24,0.24
P05749,1.027,1.027
P05750,0.097,0.097
P05752,4.42,4.42
P05753,1.562,1.562
P05755,6.849,6.849
P05757,0.905,0.905
P05758,3.959,3.959
P05759,4.927,4.927
P05769,0.041,0.041
P05774,8.735,8.735
P05785,6.214,6.214
P05791,5.9,5.9
P05797,3.135,3.135
P05798,8.901,8.901
P05801,5.278,5.278
P05802,3.092,3.092
P05803,3.93,3.93
P05805,9.348,9.348
P05806,0.498,0.498
P05817,1.214,1.214
P05818,1.257,1.257
P05820,9.795,9.795
P05821,2.643,2.643
P05822,5.331,5.331
P05825,3.987,3.987
P05827,9.786,9.786
P05830,2.788,2.788
P05837,4.092,4.092
P05838,6.329,6.329
P05839,3.746,3.746
P05840,1.631,1.631
P05841,3.949,3.949
P05842,5.849,5.849
P05847,2.622,2.622
P05848,5.453,5.453
P05851,0.562,0.562
P05861,5.804,5.804
P05865,3.213,3.213
P05867,7.534,7.534
P05868,5.675,5.675
P05874,6.767,6.767
P05876,7.367,7.367
P05877,8.537,8.537
P05878,4.357,4.357
P05886,0.024,0.024
P05887,4.238,4.238
P05888,4.7,4.7
P05891,8.774,8.774
P05892,7.411,7.411
P05894,7.277,7.277
P05897,8.834,8.834
P05899,3.756,3.756
P05900,2.096,2.096
P05901,2.391,2.391
P05902,3.464,3.464
P05903,7.958,7.958
P05907,5.695,5.695
P05914,2.573,2.573
P05922,7.167,7.167
P05925,2.856,2.856
P05929,2.391,2.391
P05932,6.398,6.398
P05933,4.237,4.237
P05934,6.747,6.747
P05941,4.653,4.653
P05944,1.819,1.819
P05945,6.76,6.76
P05947,5.025,5.025
P05948,7.125,7.125
P05954,9.669,9.669
P05955,7.626,7.626
P05969,7.06,7.06
P05973,0.791,0.791
P05975,1.654,1.654
P05976,5.371,5.371
P05978,2.968,2.968
P05979,5.111,5.111
P05980,3.108,3.108
P05981,4.009,4.009
P05991,8.419,8.419
P05997,0.258,0.258
P05999,8.41,8.41
P06001,2.63,2.63
P06005,6.496,6.496
P06009,5.179,5.179
P06010,1.382,1.382
P06015,9.395,9.395
P06017,3.353,3.353
P06018,5.14,5.14
P06022,1.241,1.241
P06024,5.801,5.801
P06030,8.909,8.909
P06032,0.698,0.698
P06034,6.229,6.229
P06038,3.302,3.302
P06043,8.95,8.95
P06045,8.032,8.032
P06050,9.598,9.598
P06051,6.401,6.401
P06052,3.385,3.385
P06053,3.708,3.708
P06057,1.647,1.647
P06064,8.218,8.218
P06065,2.177,2.177
P06066,2.098,2.098
P06067,4.486,4.486
P06069,8.95,8.95
P06071,7.286,7.286
P06077,1.809,1.809
P06086,5.961,5.961
P06087,1.108,1.108
P06088,0.909,0.909
P06091,3.638,3.638
P06092,5.983,5.983
P06094,2.585,2.585
P06098,9.061,9.061
P06099,0.718,0.718
P06100,8.125,8.125
P06102,4.217,4.217
P06105,0.397,0.397
P06107,2.466,2.466
P06113,2.315,2.315
P06132,3.262,3.262
P06133,2.314,2.314
P06134,1.971,1.971
P06136,1.073,1.073
P06138,6.815,6.815
P06141,0.294,0.294
P06144,7.06,7.06
P06146,2.417,2.417
P06147,6.012,6.012
P06149,4.663,4.663
P06152,0.018,0.018
P06155,6.884,6.884
P06160,3.79,3.79
P06162,0.213,0.213
P06163,0.427,0.427
P06168,3.726,3.726
P06172,7.736,7.736
P06177,1.94,1.94
P06184,2.596,2.596
P06186,7.4,7.4
P06187,5.088,5.088
P06192,7.669,7.669
P06197,6.372,6.372
P06198,5.915,5.915
P06199,9.213,9.213
P06202,0.244,0.244
P06203,7.005,7.005
P06205,2.651,2.651
P06208,2.229,2.229
P06209,6.104,6.104
P06211,0.38,0.38
P06224,6.511,6.511
P06226,1.938,1.938
P06232,6.341,6.341
P06233,8.757,8.757
P06234,7.034,7.034
P06238,8.404,8.404
P06240,8.128,8.128
P06250,9.094,9.094
P06256,6.364,6.364
P06257,1.433,1.433
P06260,5.746,5.746
P06265,3.398,3.398
P06268,5.172,5.172
P06271,6.91,6.91
P06277,5.936,5.936
P06278,8.135,8.135
P06279,2.985,2.985
P06290,9.243,9.243
P06296,1.55,1.55
P06304,3.732,3.732
P06307,0.853,0.853
P06310,6.905,6.905
P06313,5.011,5.011
P06318,5.539,5.539
P06321,6.258,6.258
P06322,1.792,1.792
P06325,5.656,5.656
P06327,6.773,6.773
P06330,0.699,0.699
P06332,8.596,8.596
P06333,0.476,0.476
P06336,9.081,9.081
P06338,7.378,7.378
P06342,6.76,6.76
P06343,1.881,1.881
P06345,3.951,3.951
P06346,3.662,3.662
P06349,6.821,6.821
P06350,4.016,4.016
P06356,3.897,3.897
P06360,5.405,5.405
P06362,9.923,9.923
P06363,7.478,7.478
P06365,1.44,1.44
P06369,5.586,5.586
P06370,2.604,2.604
P06376,0.212,0.212
P06378,3.706,3.706
P06381,3.007,3.007
P06382,0.25,0.25
P06383,7.621,7.621
P06385,1.898,1.898
P06388,1.792,1.792
P06389,0.549,0.549
P06392,9.277,9.277
P06393,5.359,5.359
P06394,7.148,7.148
P06396,1.649,1.649
P06403,2.345,2.345
P06407,7.713,7.713
P06414,4.825,4.825
P06418,8.136,8.136
P06421,8.563,8.563
P06422,1.256,1.256
P06424,7.072,7.072
P06427,9.446,9.446
P06429,1.134,1.134
P06430,3.188,3.188
P06431,3.415,3.415
P06433,3.661,3.661
P06441,3.412,3.412
P06447,4.317,4.317
P06449,3.346,3.346
P06451,4.302,4.302
P06459,0.01,0.01
P06461,9.924,9.924
P06466,3.04,3.04
P06467,4.832,4.832
P06468,3.735,3.735
P06472,1.96,1.96
P06477,3.854,3.854
P06480,0.325,0.325
P06487,5.893,5.893
P06489,7.238,7.238
P06491,5.846,5.846
P06493,0.539,0.539
P06497,8.981,8.981
P06500,7.109,7.109
P06501,0.564,0.564
P06502,8.252,8.252
P06503,7.974,7.974
P06506,6.28,6.28
P06510,8.046,8.046
P06514,8.58,8.58
P06517,6.214,6.214
P06519,0.899,0.899
P06523,8.529,8.529
P06524,0.474,0.474
P06526,7.91,7.91
P06527,2.731,2.731
P06529,2.596,2.596
P06530,9.061,9.061
P06534,7.556,7.556
P06537,5.645,5.645
P06541,1.757,1.757
P06543,8.049,8.049
P06553,2.58,2.58
P06554,5.702,5.702
P06557,5.273,5.273
P06558,3.161,3.161
P06561,1.025,1.025
P06569,7.365,7.365
P06572,5.484,5.484
P06574,7.151,7.151
P06576,5.346,5.346
P06583,0.504,0.504
P06590,1.35,1.35
P06593,7.436,7.436
P06600,4.641,4.641
P06601,4.716,4.716
P06603,6.137,6.137
P06607,6.037,6.037
P06608,7.145,7.145
P06609,1.976,1.976
P06611,2.343,2.343
P06612,2.441,2.441
P06615,5.89,5.89
P06619,7.111,7.111
P06621,0.854,0.854
P06623,0.65,0.65
P06624,5.747,5.747
P06627,5.041,5.041
P06630,9.048,9.048
P06633,0.366,0.366
P06634,8.886,8.886
P06637,3.102,3.102
P06640,9.212,9.212
P06643,1.855,1.855
P06645,0.46,0.46
P06647,8.649,8.649
P06648,3.861,3.861
P06650,6.507,6.507
P06651,9.484,9.484
P06652,9.056,9.056
P06657,4.337,4.337
P06658,5.836,5.836
P06663,7.261,7.261
P06665,0.282,0.282
P06666,7.758,7.758
P06667,6.787,6.787
P06670,0.375,0.375
P06678,9.554,9.554
P06681,8.782,8.782
P06682,0.631,0.631
P06683,9.386,9.386
P06684,2.643,2.643
P06685,1.04,1.04
P06686,7.051,7.051
P06692,1.915,1.915
P06693,7.682,7.682
P06695,2.903,2.903
P06696,7.453,7.453
P06698,2.128,2.128
P06699,6.675,6.675
P06701,7.152,7.152
P06702,9.688,9.688
P06706,9.152,9.152
P06709,6.666,6.666
P06710,8.978,8.978
P06717,3.866,3.866
P06719,5.823,5.823
P06721,4.224,4.224
P06722,0.95,0.95
P06727,0.785,0.785
P06728,4.84,4.84
P06729,0.477,0.477
P06731,7.04,7.04
P06734,0.711,0.711
P06736,1.388,1.388
P06737,8.875,8.875
P06738,0.953,0.953
P06739,1.96,1.96
P06741,1.832,1.832
P06742,4.372,4.372
P06746,4.932,4.932
P06747,1.278,1.278
P06752,5.246,5.246
P06753,6.92,6.92
P06754,5.831,5.831
P06757,1.829,1.829
P06763,1.862,1.862
P06767,8.257,8.257
P06771,0.54,0.54
P06775,9.729,9.729
P06779,6.916,6.916
P06780,3.58,3.58
P06787,1.512,1.512
P06789,7.877,7.877
P06792,7.63,7.63
P06801,2.34,2.34
P06809,4.513,4.513
P06810,9.948,9.948
P06815,0.959,0.959
P06816,4.971,4.971
P06819,3.636,3.636
P06821,8.389,8.389
P06824,9.616,9.616
P06825,3.717,3.717
P06827,4.391,4.391
P06828,1.622,1.622
P06833,3.627,3.627
P06834,8.45,8.45
P06835,4.662,4.662
P06842,0.273,0.273
P06844,1.169,1.169
P06847,2.835,2.835
P06852,2.349,2.349
P06856,4.471,4.471
P06859,6.761,6.761
P06861,0.557,0.557
P06864,4.102,4.102
P06874,4.639,4.639
P06875,0.955,0.955
P06876,6.25,6.25
P06878,3.733,3.733
P06880,2.969,2.969
P06882,3.525,3.525
P06884,7.364,7.364
P06887,9.007,9.007
P06888,0.459,0.459
P06889,4.889,4.889
P06891,5.146,5.146
P06893,7.9,7.9
P06894,6.549,6.549
P06900,5.632,5.632
P06902,2.805,2.805
P06903,8.963,8.963
P06904,6.103,6.103
P06912,7.066,7.066
P06913,6.392,6.392
P06914,1.697,1.697
P06919,1.742,1.742
P06920,0.92,0.92
P06924,0.478,0.478
P06926,6.811,6.811
P06927,8.336,8.336
P06929,1.438,1.438
P06930,7.68,7.68
P06931,9.461,9.461
P06932,0.545,0.545
P06937,7.763,7.763
P06939,6.862,6.862
P06940,2.639,2.639
P06941,2.354,2.354
P06944,1.92,1.92
P06947,6.444,6.444
P06950,4.957,4.957
P06951,6.015,6.015
P06953,4.093,4.093
P06954,7.46,7.46
P06960,7.981,7.981
P06966,6.341,6.341
P06967,9.953,9.953
P06969,5.803,5.803
P06980,1.074,1.074
P06981,5.418,5.418
P06984,3.663,3.663
P06991,8.823,8.823
P06994,0.204,0.204
P07007,1.195,1.195
P07008,8.304,8.304
P07010,7.756,7.756
P07011,8.39,8.39
P07012,0.369,0.369
P07016,1.299,1.299
P07017,1.38,1.38
P07019,8.398,8.398
P07022,6.91,6.91
P07027,2.103,2.103
P07033,4.572,4.572
P07035,0.477,0.477
P07038,5.081,5.081
P07040,7.667,7.667
P07044,4.965,4.965
P07045,6.019,6.019
P07048,5.741,5.741
P07050,2.407,2.407
P07057,4.91,4.91
P07058,8.326,8.326
P07063,9.834,9.834
P07065,3.809,3.809
P07066,9.808,9.808
P07071,2.653,2.653
P07075,2.42,2.42
P07077,9.199,9.199
P07079,7.37,7.37
P07084,7.055,7.055
P07085,0.843,0.843
P07087,3.87,3.87
P07089,7.682,7.682
P07090,9.763,9.763
P07091,6.857,6.857
P07096,7.41,7.41
P07105,5.489,5.489
P07107,0.985,0.985
P07113,9.635,9.635
P07115,7.324,7.324
P07116,6.608,6.608
P07117,6.179,6.179
P07126,9.495,9.495
P07129,1.646,1.646
P07132,9.04,9.04
P07133,2.932,2.932
P07137,2.269,2.269
P07138,7.576,7.576
P07150,6.292,6.292
P07151,5.79,5.79
P07153,5.867,5.867
P07155,1.725,1.725
P07156,1.212,1.212
P07160,4.104,4.104
P07165,1.59,1.59
P07170,6.256,6.256
P07173,1.052,1.052
P07175,9.825,9.825
P07176,4.426,4.426
P07177,6.326,6.326
P07178,3.636,3.636
P07180,5.663,5.663
P07182,7.295,7.295
P07186,3.853,3.853
P07187,4.345,4.345
P07188,3.523,3.523
P07196,4.306,4.306
P07198,0.408,0.408
P07199,3.473,3.473
P07202,0.691,0.691
P07203,2.621,2.621
P07216,2.279,2.279
P07222,9.583,9.583
P07228,5.351,5.351
P07229,0.927,0.927
P07233,0.482,0.482
P07237,0.794,0.794
P07238,1.82,1.82
P07244,6.853,6.853
P07245,7.085,7.085
P07246,4.024,4.024
P07247,5.665,5.665
P07249,7.773,7.773
P07251,1.291,1.291
P07254,2.586,2.586
P07261,7.459,7.459
P07263,4.118,4.118
P07264,9.118,9.118
P07268,9.872,9.872
P07269,8.887,8.887
P07273,5.388,5.388
P07279,2.291,2.291
P07281,9.719,9.719
P07282,5.695,5.695
P07289,9.735,9.735
P07291,2.598,2.598
P07299,0.798,0.798
P07304,3.978,3.978
P07308,7.535,7.535
P07309,8.905,8.905
P07310,9.559,9.559
P07317,6.995,6.995
P07320,0.17,0.17
P07323,8.016,8.016
P07324,4.229,4.229
P07328,1.126,1.126
P07331,1.545,1.545
P07337,4.215,4.215
P07338,6.226,6.226
P07347,9.445,9.445
P07348,0.8,0.8
P07349,9.108,9.108
P07353,6.068,6.068
P07354,4.647,4.647
P07359,6.112,6.112
P07360,0.694,0.694
P07361,5.251,5.251
P07362,3.264,3.264
P07365,0.585,0.585
P07367,8.287,8.287
P07368,4.389,4.389
P07370,4.702,4.702
P07372,5.803,5.803
P07374,2.559,2.559
P07376,6.419,6.419
P07385,8.192,8.192
P07387,2.479,2.479
P07388,7.27,7.27
P07389,8.143,8.143
P07390,5.118,5.118
P07391,3.768,3.768
P07393,6.875,6.875
P07394,2.776,2.776
P07397,7.693,7.693
P07399,4.218,4.218
P07403,5.201,5.201
P07405,5.637,5.637
P07406,0.733,0.733
P07412,6.094,6.094
P07416,8.512,8.512
P07425,9.118,9.118
P07429,8.69,8.69
P07434,9.589,9.589
P07436,4.497,4.497
P07437,1.845,1.845
P07439,0.474,0.474
P07440,2.343,2.343
P07444,1.404,1.404
P07449,3.675,3.675
P07451,2.318,2.318
P07454,0.554,0.554
P07457,6.617,6.617
P07460,3.468,3.468
P07463,8.402,8.402
P07465,0.59,0.59
P07468,7.412,7.412
P07472,4.933,4.933
P07476,6.841,6.841
P07477,7.292,7.292
P07478,0.643,0.643
P07481,9.303,9.303
P07482,9.311,9.311
P07483,9.639,9.639
P07484,8.343,8.343
P07485,9.526,9.526
P07486,4.596,4.596
P07491,1.703,1.703
P07503,3.357,3.357
P07504,6.863,6.863
P07513,5.914,5.914
P07515,1.115,1.115
P07523,5.135,5.135
P07525,5.527,5.527
P07529,3.975,3.975
P07532,8.901,8.901
P07538,6.081,6.081
P07542,4.463,4.463
P07543,0.193,0.193
P07545,3.118,3.118
P07548,5.924,5.924
P07550,9.797,9.797
P07551,2.478,2.478
P07552,0.612,0.612
P07556,5.812,5.812
P07559,0.713,0.713
P07563,5.354,5.354
P07565,3.457,3.457
P07568,9.692,9.692
P07572,0.056,0.056
P07574,7.431,7.431
P07575,3.476,3.476
P07584,6.822,6.822
P07587,2.721,2.721
P07588,9.955,9.955
P07592,0.033,0.033
P07595,0.173,0.173
P07597,1.951,1.951
P07600,7.518,7.518
P07601,7.193,7.193
P07604,2.999,2.999
P07607,6.193,6.193
P07608,3.936,3.936
P07615,2.001,2.001
P07624,5.309,5.309
P07639,7.984,7.984
P07640,3.324,3.324
P07642,5.005,5.005
P07643,2.728,2.728
P07644,0.419,0.419
P07647,2.271,2.271
P07649,8.825,8.825
P07660,8.134,8.134
P07663,2.749,2.749
P07665,2.403,2.403
P07666,9.179,9.179
P07669,8.683,8.683
P07671,6.796,6.796
P07675,6.324,6.324
P07676,7.092,7.092
P07679,5.913,5.913
P07681,7.927,7.927
P07687,6.837,6.837
P07689,7.149,7.149
P07691,0.845,0.845
P07697,7.379,7.379
P07698,0.58,0.58
P07701,2.455,2.455
P07704,4.581,4.581
P07705,1.725,1.725
P07706,4.506,4.506
P07707,5.083,5.083
P07708,3.817,3.817
P07711,4.349,4.349
P07713,2.888,2.888
P07714,3.169,3.169
P07715,0.335,0.335
P07718,6.933,6.933
P07722,4.68,4.68
P07727,4.973,4.973
P07733,6.642,6.642
P07740,3.947,3.947
P07743,1.458,1.458
P07745,8.248,8.248
P07748,0.907,0.907
P07749,4.634,4.634
P07751,6.091,6.091
P07754,9.092,9.092
P07756,3.717,3.717
P07759,2.308,2.308
P07761,4.758,4.758
P07763,6.946,6.946
P07764,2.973,2.973
P07765,9.735,9.735
P07770,2.395,2.395
P07771,5.5,5.5
P07780,9.91,9.91
P07781,2.779,2.779
P07782,4.07,4.07
P07785,7.959,7.959
P07786,9.42,9.42
P07787,0.685,0.685
P07790,2.776,2.776
P07793,7.145,7.145
P07795,3.531,3.531
P07797,3.271,3.271
P07799,4.397,4.397
P07809,6.043,6.043
P07811,5.886,5.886
P07813,6.683,6.683
P07815,7.58,7.58
P07817,7.449,7.449
P07823,0.295,0.295
P07827,1.921,1.921
P07829,1.36,1.36
P07832,7.39,7.39
P07838,7.774,7.774
P07846,0.513,0.513
P07848,9.969,9.969
P07850,0.396,0.396
P07855,2.182,2.182
P07856,8.629,8.629
P07859,5.182,5.182
P07860,5.671,5.671
P07865,9.787,9.787
P07866,4.047,4.047
P07868,4.922,4.922
P07872,5.657,5.657
P07873,5.689,5.689
P07875,4.866,4.866
P07877,8.787,8.787
P07878,2.242,2.242
P07885,9.665,9.665
P07888,8.94,8.94
P07889,6.565,6.565
P07890,1.749,1.749
P07895,0.258,0.258
P07897,6.888,6.888
P07899,5.536,5.536
P07905,5.792,5.792
P07908,3.274,3.274
P07912,6.026,6.026
P07915,0.766,0.766
P07919,7.596,7.596
P07921,7.234,7.234
P07924,0.027,0.027
P07926,4.409,4.409
P07928,1.831,1.831
P07929,6.923,6.923
P07932,1.077,1.077
P07940,3.705,3.705
P07942,4.268,4.268
P07945,6.457,6.457
P07946,9.718,9.718
P07949,9.862,9.862
P07953,3.04,3.04
P07975,4.013,4.013
P07978,7.345,7.345
P07980,9.201,9.201
P07981,4.255,4.255
P07985,8.957,8.957
P07991,3.232,3.232
P07996,1.043,1.043
P08000,1.17,1.17
P08001,4.781,4.781
P08003,7.755,7.755
P08012,3.318,3.318
P08014,6.615,6.615
P08015,2.223,2.223
P08021,1.25,1.25
P08022,7.834,7.834
P08028,1.933,1.933
P08030,8.014,8.014
P08041,6.659,6.659
P08042,0.715,0.715
P08044,8.655,8.655
P08046,2.688,2.688
P08047,5.95,5.95
P08050,1.887,1.887
P08055,5.28,5.28
P08058,4.564,4.564
P08060,3.174,3.174
P08074,1.497,1.497
P08077,7.839,7.839
P08079,3.861,3.861
P08080,4.754,4.754
P08081,2.962,2.962
P08086,9.288,9.288
P08087,4.009,4.009
P08089,6.969,6.969
P08095,0.656,0.656
P08097,5.024,5.024
P08098,7.535,7.535
P08099,3.341,3.341
P08106,9.816,9.816
P08111,0.573,0.573
P08114,1.608,1.608
P08116,5.618,5.618
P08119,4.617,4.617
P08125,8.016,8.016
P08129,6.146,6.146
P08132,3.572,3.572
P08133,8.791,8.791
P08134,4.516,4.516
P08135,0.093,0.093
P08136,6.224,6.224
P08139,5.387,5.387
P08140,5.609,5.609
P08142,2.388,2.388
P08148,3.186,3.186
P08150,0.959,0.959
P08151,6.677,6.677
P08152,4.972,4.972
P08156,1.181,1.181
P08158,9.755,9.755
P08160,5.082,5.082
P08161,4.215,4.215
P08166,3.594,3.594
P08167,5.831,5.831
P08168,3.247,3.247
P08174,7.212,7.212
P08175,4.696,4.696
P08176,5.132,5.132
P08177,6.875,6.875
P08179,5.966,5.966
P08181,4.891,4.891
P08202,0.972,0.972
P08206,6.176,6.176
P08213,9.787,9.787
P08216,4.209,4.209
P08217,7.192,7.192
P08219,2.8,2.8
P08221,5.189,5.189
P08224,8.038,8.038
P08226,4.362,4.362
P08227,8.644,8.644
P08229,1.144,1.144
P08232,0.497,0.497
P08235,2.101,2.101
P08239,7.814,7.814
P08240,7.219,7.219
P08246,8.851,8.851
P08247,4.256,4.256
P08248,8.948,8.948
P08251,5.378,5.378
P08252,7.701,7.701
P08253,3.333,3.333
P08257,1.522,1.522
P08259,5.333,5.333
P08260,1.842,1.842
P08262,2.544,2.544
P08264,1.323,1.323
P08269,5.493,5.493
P08275,3.514,3.514
P08277,1.47,1.47
P08278,0.389,0.389
P08279,4.394,4.394
P08282,7.262,7.262
P08283,3.128,3.128
P08286,0.341,0.341
P08288,6.02,6.02
P08291,8.94,8.94
P08292,7.744,7.744
P08293,3.049,3.049
P08294,3.339,3.339
P08295,9.32,9.32
P08297,7.243,7.243
P08300,3.852,3.852
P08301,4.35,4.35
P08306,9.087,9.087
P08309,5.434,5.434
P08310,9.981,9.981
P08312,1.737,1.737
P08315,7.313,7.313
P08317,8.874,8.874
P08318,9.772,9.772
P08327,8.847,8.847
P08330,2.792,2.792
P08333,8.215,8.215
P08334,6.991,6.991
P08339,2.004,2.004
P08340,9.715,9.715
P08342,2.379,2.379
P08343,9.607,9.607
P08354,5.05,5.05
P08356,3.135,3.135
P08357,8.622,8.622
P08361,2.14,2.14
P08364,0.512,0.512
P08367,3.807,3.807
P08374,8.875,8.875
P08386,3.752,3.752
P08398,1.937,1.937
P08399,4.166,4.166
P08402,6.675,6.675
P08404,3.185,3.185
P08406,6.395,6.395
P08409,2.677,2.677
P08413,4.902,4.902
P08414,4.646,4.646
P08416,9.539,9.539
P08420,7.876,7.876
P08422,8.631,8.631
P08426,7.614,7.614
P08428,7.82,7.82
P08430,1.749,1.749
P08432,3.966,3.966
P08435,4.585,4.585
P08436,6.309,6.309
P08439,8.205,8.205
P08442,9.135,9.135
P08445,1.549,1.549
P08452,3.127,3.127
P08453,3.45,3.45
P08456,3.223,3.223
P08463,3.8,3.8
P08464,3.993,3.993
P08468,9.56,9.56
P08473,7.85,7.85
P08476,5.187,5.187
P08477,5.342,5.342
P08480,4.854,4.854
P08482,0.243,0.243
P08483,4.651,4.651
P08487,6.798,6.798
P08490,0.792,0.792
P08491,5.662,5.662
P08497,0.702,0.702
P08500,0.307,0.307
P08501,1.796,1.796
P08511,1.206,1.206
P08513,3.328,3.328
P08516,5.114,5.114
P08517,7.093,7.093
P08519,9.351,9.351
P08528,7.825,7.825
P08534,4.537,4.537
P08536,6.91,6.91
P08540,6.368,6.368
P08544,7.934,7.934
P08545,5.981,5.981
P08551,1.071,1.071
P08552,4.149,4.149
P08553,2.968,2.968
P08554,3.712,3.712
P08555,0.926,0.926
P08558,2.917,2.917
P08560,6.261,6.261
P08561,5.073,5.073
P08565,3.897,3.897
P08566,6.199,6.199
P08569,3.234,3.234
P08576,8.879,8.879
P08578,4.826,4.826
P08580,7.45,7.45
P08583,5.488,5.488
P08587,8.957,8.957
P08590,3.551,3.551
P08592,8.414,8.414
P08596,9.029,9.029
P08599,0.741,0.741
P08601,4.645,4.645
P08602,1.147,1.147
P08603,9.895,9.895
P08605,0.298,0.298
P08609,5.356,5.356
P08618,5.673,5.673
P08619,6.727,6.727
P08626,5.917,5.917
P08633,0.628,0.628
P08635,1.581,1.581
P08639,8.445,8.445
P08643,5.781,5.781
P08645,1.834,1.834
P08646,0.044,0.044
P08648,2.238,2.238
P08649,5.057,5.057
P08651,6.444,6.444
P08653,0.577,0.577
P08654,5.528,5.528
P08656,0.482,0.482
P08658,6.878,6.878
P08659,9.191,9.191
P08665,8.46,8.46
P08666,8.953,8.953
P08667,1.168,1.168
P08669,4.014,4.014
P08671,0.515,0.515
P08672,9.833,9.833
P08675,6.807,6.807
P08683,7.141,7.141
P08687,5.73,5.73
P08688,0.937,0.937
P08692,2.055,2.055
P08693,8.631,8.631
P08695,7.616,7.616
P08697,0.515,0.515
P08704,5.49,5.49
P08705,8.099,8.099
P08708,0.805,0.805
P08711,4.593,4.593
P08714,9.497,9.497
P08715,7.964,7.964
P08722,9.967,9.967
P08724,2.772,2.772
P08727,2.223,2.223
P08733,1.785,1.785
P08737,0.61,0.61
P08739,9.876,9.876
P08741,6.249,6.249
P08742,3.397,3.397
P08746,4.355,4.355
P08774,0.345,0.345
P08778,9.247,9.247
P08780,3.314,3.314
P08783,5.613,5.613
P08784,4.629,4.629
P08788,0.667,0.667
P08789,5.744,5.744
P08790,6.073,6.073
P08794,0.379,0.379
P08795,7.215,7.215
P08798,2.229,2.229
P08800,7.819,7.819
P08802,5.501,5.501
P08804,3.321,3.321
P08808,8.207,8.207
P08809,4.953,4.953
P08810,6.052,6.052
P08812,1.225,1.225
P08816,9.756,9.756
P08819,1.659,1.659
P08820,8.786,8.786
P08823,7.529,7.529
P08825,8.282,8.282
P08826,4.704,4.704
P08829,7.875,7.875
P08833,5.985,5.985
P08834,9.802,9.802
P08837,8.398,8.398
P08840,1.228,1.228
P08846,1.047,1.047
P08847,7.213,7.213
P08848,9.262,9.262
P08849,7.482,7.482
P08851,6.143,6.143
P08852,2.797,2.797
P08853,7.228,7.228
P08858,3.882,3.882
P08860,3.517,3.517
P08864,4.668,4.668
P08865,5.463,5.463
P08869,0.906,0.906
P08870,5.515,5.515
P08873,6.327,6.327
P08875,3.219,3.219
P08876,3.816,3.816
P08877,7.904,7.904
P08878,6.445,6.445
P08879,3.829,3.829
P08880,9.297,9.297
P08881,1.751,1.751
P08883,9.622,9.622
P08885,1.129,1.129
P08887,4.815,4.815
P08889,2.472,2.472
P08895,1.734,1.734
P08896,4.862,4.862
P08903,5.058,5.058
P08905,2.112,2.112
P08906,1.083,1.083
P08912,1.273,1.273
P08915,2.873,2.873
P08917,4.107,4.107
P08924,9.751,9.751
P08940,2.019,2.019
P08943,7.652,7.652
P08944,8.794,8.794
P08947,5.774,5.774
P08948,8.704,8.704
P08951,1.989,1.989
P08958,5.384,5.384
P08959,0.313,0.313
P08960,4.969,4.969
P08963,8.22,8.22
P08967,6.966,6.966
P08968,1.411,1.411
P08971,7.099,7.099
P08976,1.501,1.501
P08977,3.854,3.854
P08981,0.609,0.609
P08982,8.257,8.257
P08983,4.042,4.042
P08987,0.712,0.712
P08988,5.007,5.007
P08990,1.382,1.382
P08992,7.246,7.246
P08996,8.82,8.82
P08997,5.491,5.491
P08998,4.797,4.797
P08999,6.064,6.064
P09001,4.753,4.753
P09006,3.002,3.002
P09007,3.553,3.553
P09012,3.737,3.737
P09013,1.363,1.363
P09017,4.971,4.971
P09019,3.52,3.52
P09023,9.025,9.025
P09025,7.312,7.312
P09028,8.653,8.653
P09029,1.006,1.006
P09032,5.232,5.232
P09033,9.649,9.649
P09037,2.089,2.089
P09040,4.118,4.118
P09043,6.731,6.731
P09044,8.482,8.482
P09045,3.976,3.976
P09046,2.177,2.177
P09048,6.476,6.476
P09060,9.942,9.942
P09061,9.612,9.612
P09062,3.37,3.37
P09064,6.748,6.748
P09065,8.755,8.755
P09067,3.152,3.152
P09068,9.194,9.194
P09070,3.393,3.393
P09072,4.433,4.433
P09075,7.775,7.775
P09077,9.541,9.541
P09078,0.591,0.591
P09079,9.986,9.986
P09084,9.912,9.912
P09091,9.245,9.245
P09094,4.825,4.825
P09096,1.959,1.959
P09098,8.448,8.448
P09099,3.615,3.615
P09103,1.232,1.232
P09104,1.669,1.669
P09105,4.756,4.756
P09111,4.227,4.227
P09112,7.898,7.898
P09114,3.073,3.073
P09115,0.696,0.696
P09116,1.114,1.114
P09121,4.041,4.041
P09122,6.049,6.049
P09124,5.357,5.357
P09126,5.075,5.075
P09133,1.891,1.891
P09136,0.793,0.793
P09139,7.728,7.728
P09142,9.333,9.333
P09144,8.751,8.751
P09147,3.597,3.597
P09148,1.126,1.126
P09149,6.267,6.267
P09152,5.723,5.723
P09154,5.439,5.439
P09159,1.54,1.54
P09161,3.685,3.685
P09163,8.244,8.244
P09166,2.248,2.248
P09168,1.145,1.145
P09171,5.539,5.539
P09175,1.718,1.718
P09176,2.963,2.963
P09178,1.391,1.391
P09181,0.011,0.011
P09182,4.413,4.413
P09185,5.257,5.257
P09189,2.077,2.077
P09190,4.225,4.225
P09196,4.809,4.809
P09197,2.274,2.274
P09198,1.362,1.362
P09203,4.232,4.232
P09207,3.191,3.191
P09211,5.111,5.111
P09212,4.083,4.083
P09213,1.597,1.597
P09214,4.647,4.647
P09223,8.984,8.984
P09226,4.543,4.543
P09228,3.363,3.363
P09229,5.236,5.236
P09230,5.438,5.438
P09239,1.204,1.204
P09240,3.11,3.11
P09242,1.448,1.448
P09243,9.436,9.436
P09245,2.45,2.45
P09246,8.957,8.957
P09250,3.941,3.941
P09251,7.751,7.751
P09255,9.021,9.021
P09259,4.306,4.306
P09261,1.944,1.944
P09262,4.108,4.108
P09269,7.435,7.435
P09270,0.159,0.159
P09273,6.669,6.669
P09280,8.472,8.472
P09283,6.633,6.633
P09284,7.616,7.616
P09289,9.797,9.797
P09292,0.298,0.298
P09293,0.184,0.184
P09294,0.857,0.857
P09300,9.939,9.939
P09303,8.927,8.927
P09304,5.945,5.945
P09308,1.45,1.45
P09311,6.07,6.07
P09314,6.1,6.1
P09317,3.751,3.751
P09318,5.776,5.776
P09319,2.219,2.219
P09321,5.111,5.111
P09323,4.541,4.541
P09324,1.084,1.084
P09327,7.684,7.684
P09331,1.384,1.384
P09332,2.204,2.204
P09335,2.929,2.929
P09340,3.019,3.019
P09341,9.296,9.296
P09353,3.148,3.148
P09355,7.521,7.521
P09357,5.612,5.612
P09359,1.58,1.58
P09361,9.362,9.362
P09362,4.777,4.777
P09365,4.114,4.114
P09366,5.892,5.892
P09367,9.847,9.847
P09368,8.667,8.667
P09372,7.618,7.618
P09373,7.479,7.479
P09374,0.935,0.935
P09376,8.68,8.68
P09379,8.89,8.89
P09380,2.391,2.391
P09383,7.199,7.199
P09384,2.75,2.75
P09386,8.405,8.405
P09391,5.762,5.762
P09399,3.912,3.912
P09402,0.88,0.88
P09403,4.95,4.95
P09404,9.789,9.789
P09409,1.855,1.855
P09411,6.953,6.953
P09415,2.389,2.389
P09417,1.266,1.266
P09418,5.151,5.151
P09419,5.595,5.595
P09424,7.879,7.879
P09427,8.407,8.407
P09428,8.473,8.473
P09432,7.167,7.167
P09435,6.624,6.624
P09437,2.812,2.812
P09441,2.645,2.645
P09443,3.919,3.919
P09448,3.395,3.395
P09449,9.157,9.157
P09450,3.158,3.158
P09458,1.322,1.322
P09459,8.773,8.773
P09460,6.566,6.566
P09463,1.512,1.512
P09466,6.368,6.368
P09467,2.634,2.634
P09471,5.77,5.77
P09473,2.108,2.108
P09481,7.688,7.688
P09483,0.468,0.468
P09487,6.742,6.742
P09488,7.641,7.641
P09490,8.305,8.305
P09492,3.216,3.216
P09496,0.39,0.39
P09504,2.246,2.246
P09505,5.43,5.43
P09507,6.71,6.71
P09511,8.552,8.552
P09513,5.867,5.867
P09516,3.661,3.661
P09519,6.086,6.086
P09525,6.324,6.324
P09526,3.056,3.056
P09531,8.322,8.322
P09534,6.443,6.443
P09540,6.782,6.782
P09544,9.695,9.695
P09546,5.151,5.151
P09550,7.698,7.698
P09559,1.615,1.615
P09563,4.995,4.995
P09567,1.735,1.735
P09568,3.232,3.232
P09569,0.866,0.866
P09570,0.96,0.96
P09571,7.466,7.466
P09578,1.532,1.532
P09579,1.867,1.867
P09580,5.076,5.076
P09583,4.191,4.191
P09585,0.842,0.842
P09587,6.414,6.414
P09590,4.536,4.536
P09594,7.299,7.299
P09597,6.206,6.206
P09604,6.274,6.274
P09606,6.236,6.236
P09608,6.445,6.445
P09614,2.194,2.194
P09620,5.576,5.576
P09628,7.26,7.26
P09635,7.165,7.165
P09639,4.749,4.749
P09646,9.128,9.128
P09648,5.735,5.735
P09657,8.666,8.666
P09658,3.954,3.954
P09660,3.336,3.336
P09661,3.177,3.177
P09662,9.825,9.825
P09664,3.066,3.066
P09672,5.727,5.727
P09675,9.598,9.598
P09676,3.357,3.357
P09679,8.66,8.66
P09681,0.512,0.512
P09684,7.061,7.061
P09691,8.701,8.701
P09693,9.515,9.515
P09695,9.636,9.636
P09696,6.874,6.874
P09701,2.825,2.825
P09702,8.63,8.63
P09703,9.343,9.343
P09704,8.543,8.543
P09705,7.293,7.293
P09709,1.375,1.375
P09716,4.661,4.661
P09718,7.707,7.707
P09720,5.881,5.881
P09722,4.153,4.153
P09723,4.64,4.64
P09727,0.972,0.972
P09733,9.236,9.236
P09734,4.986,4.986
P09735,7.002,7.002
P09738,1.337,1.337
P09740,9.043,9.043
P09741,5.121,5.121
P09748,3.234,3.234
P09750,9.447,9.447
P09753,7.474,7.474
P09756,1.514,1.514
P09760,0.152,0.152
P09761,2.194,2.194
P09762,4.378,4.378
P09764,1.728,1.728
P09770,2.033,2.033
P09771,5.875,5.875
P09772,4.231,4.231
P09775,0.307,0.307
P09780,8.786,8.786
P09781,9.295,9.295
P09782,8.736,8.736
P09786,3.105,3.105
P09789,2.691,2.691
P09790,9.742,9.742
P09792,8.6,8.6
P09795,8.32,8.32
P09799,6.026,6.026
P09801,3.331,3.331
P09804,7.741,7.741
P09805,5.548,5.548
P09806,6.287,6.287
P09807,4.699,4.699
P09810,6.264,6.264
P09811,4.07,4.07
P09812,2.592,2.592
P09821,4.132,4.132
P09822,4.551,4.551
P09824,7.704,7.704
P09826,8.888,8.888
P09827,8.116,8.116
P09830,6.6,6.6
P09831,1.453,1.453
P09832,3.513,3.513
P09834,2.418,2.418
P09838,5.593,5.593
P09839,3.326,3.326
P09840,5.866,5.866
P09853,8.145,8.145
P09859,2.237,2.237
P09860,9.582,9.582
P09861,2.804,2.804
P09862,6.885,6.885
P09865,6.216,6.216
P09866,0.288,0.288
P09870,0.98,0.98
P09881,3.978,3.978
P09886,7.47,7.47
P09889,4.516,4.516
P09891,0.792,0.792
P09894,4.408,4.408
P09896,5.841,5.841
P09900,7.466,7.466
P09913,3.955,3.955
P09916,9.169,9.169
P09917,7.299,7.299
P09919,7.953,7.953
P09922,6.273,6.273
P09925,1.941,1.941
P09932,2.104,2.104
P09936,1.01,1.01
P09938,7.456,7.456
P09939,5.272,5.272
P09943,7.97,7.97
P09949,4.41,4.41
P09951,3.713,3.713
P09957,4.27,4.27
P09960,5.451,5.451
P09961,2.427,2.427
P09962,1.511,1.511
P09964,7.224,7.224
P09968,4.22,4.22
P09970,2.127,2.127
P09972,3.266,3.266
P09975,5.977,5.977
P09977,2.501,2.501
P09978,2.517,2.517
P09983,6.232,6.232
P09987,3.173,3.173
P09990,3.99,3.99
P09992,5.784,5.784
P09995,2.358,2.358
P09996,8.086,8.086
P09998,9.579,9.579
P10000,7.765,7.765